DeliveryID,DeliveryAddress,DeliveryStatus,DeliveryTime,OrderID
1,"1 Tahrir Street, Hurghada",Pending,,1
2,"35 Tahrir Street, Hurghada",Pending,,2
3,"13 Corniche Road, Sharm El-Sheikh",Pending,,3
4,"8 Corniche Road, Alexandria",Delivered,2024-12-05 22:37:05.442236,4
5,"44 Corniche Road, Sharm El-Sheikh",In Transit,2024-11-18 09:37:05.442242,5
6,"5 Corniche Road, Giza",In Transit,2024-12-08 08:37:05.442249,6
7,"40 Corniche Road, Giza",Delivered,2024-11-23 17:37:05.442258,7
8,"25 Tahrir Street, Giza",Pending,,8
9,"43 Tahrir Street, Hurghada",Pending,,9
10,"1 Tahrir Street, Alexandria",Delivered,2024-12-11 23:37:05.442279,10
11,"6 Tahrir Street, Sharm El-Sheikh",Delivered,2024-11-13 19:37:05.442285,11
12,"20 Corniche Road, Alexandria",In Transit,2024-12-15 08:37:05.442290,12
13,"17 Tahrir Street, Hurghada",Delivered,2024-11-13 16:37:05.442297,13
14,"21 Tahrir Street, Cairo",Pending,,14
15,"49 Corniche Road, Sharm El-Sheikh",Pending,,15
16,"36 Tahrir Street, Marsa Alam",In Transit,2024-11-13 15:37:05.442326,16
17,"6 Corniche Road, Hurghada",In Transit,2024-11-15 10:37:05.442333,17
18,"44 Corniche Road, Giza",Delivered,2024-12-06 15:37:05.442338,18
19,"6 Tahrir Street, Marsa Alam",Pending,,19
20,"1 Corniche Road, Alexandria",In Transit,2024-11-06 04:37:05.442350,20
21,"38 Corniche Road, Sharm El-Sheikh",Delivered,2024-12-10 02:37:05.442355,21
22,"37 Corniche Road, Cairo",Pending,,22
23,"7 Corniche Road, Cairo",Delivered,2024-11-24 08:37:05.442367,23
24,"9 Tahrir Street, Cairo",Delivered,2024-11-18 01:37:05.442372,24
25,"2 Tahrir Street, Giza",Pending,,25
26,"10 Tahrir Street, Alexandria",Pending,,26
27,"47 Tahrir Street, Alexandria",Delivered,2024-12-18 05:37:05.442389,27
28,"49 Tahrir Street, Marsa Alam",Delivered,2024-11-04 07:37:05.442396,28
29,"3 Tahrir Street, Cairo",Delivered,2024-12-06 04:37:05.442401,29
30,"11 Tahrir Street, Hurghada",In Transit,2024-12-08 16:37:05.442406,30
31,"25 Corniche Road, Giza",Pending,,31
32,"18 Tahrir Street, Alexandria",Delivered,2024-12-22 18:37:05.442428,32
33,"15 Corniche Road, Cairo",Pending,,33
34,"49 Tahrir Street, Cairo",Delivered,2024-12-18 14:37:05.442439,34
35,"41 Tahrir Street, Hurghada",Delivered,2024-12-24 20:37:05.442445,35
36,"18 Tahrir Street, Hurghada",In Transit,2024-12-26 05:37:05.442450,36
37,"50 Corniche Road, Cairo",Pending,,37
38,"42 Tahrir Street, Alexandria",Delivered,2024-12-06 10:37:05.442461,38
39,"1 Tahrir Street, Alexandria",In Transit,2024-11-22 08:37:05.442467,39
40,"35 Tahrir Street, Cairo",Delivered,2024-12-23 07:37:05.442473,40
41,"13 Tahrir Street, Giza",In Transit,2024-12-05 19:37:05.442478,41
42,"43 Corniche Road, Giza",In Transit,2024-12-07 21:37:05.442484,42
43,"33 Tahrir Street, Marsa Alam",Delivered,2024-11-25 08:37:05.442490,43
44,"35 Tahrir Street, Cairo",Pending,,44
45,"50 Tahrir Street, Giza",Pending,,45
46,"41 Tahrir Street, Marsa Alam",Pending,,46
47,"44 Corniche Road, Alexandria",Pending,,47
48,"10 Tahrir Street, Cairo",In Transit,2024-12-15 03:37:05.442519,48
49,"3 Corniche Road, Cairo",In Transit,2024-11-13 04:37:05.442524,49
50,"31 Corniche Road, Hurghada",Delivered,2024-11-16 10:37:05.442530,50
51,"3 Corniche Road, Hurghada",In Transit,2024-12-17 13:37:05.442539,51
52,"32 Corniche Road, Sharm El-Sheikh",In Transit,2024-12-06 13:37:05.442549,52
53,"18 Corniche Road, Hurghada",In Transit,2024-11-22 18:37:05.442559,53
54,"16 Corniche Road, Marsa Alam",Pending,,54
55,"2 Corniche Road, Alexandria",Delivered,2024-11-19 11:37:05.442572,55
56,"6 Corniche Road, Giza",In Transit,2024-11-09 23:37:05.442577,56
57,"32 Corniche Road, Marsa Alam",Delivered,2024-11-22 16:37:05.442583,57
58,"19 Corniche Road, Cairo",In Transit,2024-12-07 22:37:05.442588,58
59,"10 Corniche Road, Cairo",Pending,,59
60,"42 Corniche Road, Hurghada",In Transit,2024-12-12 22:37:05.442600,60
61,"43 Corniche Road, Giza",Pending,,61
62,"45 Tahrir Street, Sharm El-Sheikh",Pending,,62
63,"22 Tahrir Street, Giza",In Transit,2024-12-21 22:37:05.442629,63
64,"23 Corniche Road, Marsa Alam",Delivered,2024-12-15 05:37:05.442641,64
65,"28 Tahrir Street, Cairo",Pending,,65
66,"9 Tahrir Street, Alexandria",Delivered,2024-11-29 23:37:05.442652,66
67,"6 Corniche Road, Alexandria",Pending,,67
68,"1 Corniche Road, Marsa Alam",In Transit,2024-12-02 09:37:05.442663,68
69,"1 Tahrir Street, Giza",In Transit,2024-12-03 23:37:05.442668,69
70,"22 Corniche Road, Alexandria",In Transit,2024-11-19 08:37:05.442674,70
71,"36 Tahrir Street, Cairo",Pending,,71
72,"19 Tahrir Street, Alexandria",Pending,,72
73,"41 Tahrir Street, Giza",In Transit,2024-11-21 17:37:05.442690,73
74,"33 Corniche Road, Giza",Delivered,2024-11-05 08:37:05.442695,74
75,"40 Tahrir Street, Giza",In Transit,2024-11-23 23:37:05.442701,75
76,"32 Corniche Road, Giza",Pending,,76
77,"7 Tahrir Street, Cairo",In Transit,2024-11-01 21:37:05.442722,77
78,"26 Tahrir Street, Hurghada",In Transit,2024-12-08 01:37:05.442733,78
79,"43 Corniche Road, Alexandria",Pending,,79
80,"29 Corniche Road, Hurghada",In Transit,2024-11-03 02:37:05.442750,80
81,"4 Tahrir Street, Alexandria",Delivered,2024-12-06 17:37:05.442756,81
82,"33 Tahrir Street, Hurghada",Pending,,82
83,"6 Corniche Road, Cairo",Delivered,2024-11-21 19:37:05.442776,83
84,"34 Corniche Road, Sharm El-Sheikh",In Transit,2024-12-13 08:37:05.442785,84
85,"4 Tahrir Street, Sharm El-Sheikh",Delivered,2024-12-20 06:37:05.442795,85
86,"28 Corniche Road, Marsa Alam",In Transit,2024-12-11 14:37:05.442807,86
87,"31 Tahrir Street, Hurghada",Pending,,87
88,"25 Corniche Road, Giza",In Transit,2024-12-03 13:37:05.442821,88
89,"40 Corniche Road, Hurghada",In Transit,2024-12-29 06:37:05.442826,89
90,"43 Corniche Road, Cairo",Pending,,90
91,"4 Corniche Road, Cairo",Delivered,2024-12-25 06:37:05.442839,91
92,"38 Tahrir Street, Marsa Alam",Pending,,92
93,"8 Tahrir Street, Marsa Alam",Pending,,93
94,"39 Corniche Road, Sharm El-Sheikh",In Transit,2024-12-08 05:37:05.442856,94
95,"37 Tahrir Street, Hurghada",In Transit,2024-11-08 02:37:05.442861,95
96,"25 Corniche Road, Alexandria",In Transit,2024-12-29 14:37:05.442868,96
97,"20 Tahrir Street, Sharm El-Sheikh",Pending,,97
98,"27 Corniche Road, Sharm El-Sheikh",Delivered,2024-12-01 06:37:05.442879,98
99,"13 Tahrir Street, Alexandria",In Transit,2024-12-24 18:37:05.442885,99
100,"19 Tahrir Street, Giza",In Transit,2024-12-05 04:37:05.442891,100
101,"31 Tahrir Street, Hurghada",In Transit,2024-12-12 11:37:05.442897,101
102,"34 Tahrir Street, Hurghada",Delivered,2024-12-25 16:37:05.442902,102
103,"43 Corniche Road, Giza",Delivered,2024-12-24 17:37:05.442908,103
104,"2 Tahrir Street, Giza",Pending,,104
105,"11 Corniche Road, Marsa Alam",Delivered,2024-11-10 14:37:05.442919,105
106,"44 Corniche Road, Cairo",Pending,,106
107,"39 Tahrir Street, Cairo",Delivered,2024-12-24 19:37:05.442930,107
108,"49 Corniche Road, Alexandria",Delivered,2024-11-19 04:37:05.442936,108
109,"24 Corniche Road, Alexandria",In Transit,2024-11-26 18:37:05.442942,109
110,"46 Tahrir Street, Hurghada",Delivered,2024-11-07 07:37:05.442955,110
111,"48 Corniche Road, Giza",In Transit,2024-11-08 07:37:05.442965,111
112,"28 Corniche Road, Marsa Alam",In Transit,2024-12-25 16:37:05.442972,112
113,"39 Tahrir Street, Sharm El-Sheikh",Pending,,113
114,"24 Corniche Road, Sharm El-Sheikh",Delivered,2024-12-09 18:37:05.442983,114
115,"49 Tahrir Street, Sharm El-Sheikh",In Transit,2024-12-30 09:37:05.442988,115
116,"39 Tahrir Street, Cairo",Pending,,116
117,"24 Tahrir Street, Marsa Alam",In Transit,2024-11-03 13:37:05.442999,117
118,"16 Corniche Road, Giza",Delivered,2024-12-27 00:37:05.443005,118
119,"40 Corniche Road, Sharm El-Sheikh",Pending,,119
120,"1 Corniche Road, Cairo",Pending,,120
121,"26 Tahrir Street, Giza",Pending,,121
122,"16 Tahrir Street, Marsa Alam",Delivered,2024-12-03 01:37:05.443029,122
123,"12 Corniche Road, Cairo",Pending,,123
124,"40 Corniche Road, Sharm El-Sheikh",Pending,,124
125,"11 Tahrir Street, Marsa Alam",Pending,,125
126,"7 Corniche Road, Cairo",In Transit,2024-11-13 18:37:05.443059,126
127,"1 Tahrir Street, Hurghada",In Transit,2024-11-13 20:37:05.443065,127
128,"18 Corniche Road, Marsa Alam",Delivered,2024-11-19 19:37:05.443071,128
129,"29 Tahrir Street, Sharm El-Sheikh",Pending,,129
130,"47 Corniche Road, Marsa Alam",Pending,,130
131,"4 Corniche Road, Sharm El-Sheikh",Pending,,131
132,"22 Tahrir Street, Hurghada",Delivered,2024-12-27 17:37:05.443099,132
133,"20 Tahrir Street, Giza",Pending,,133
134,"47 Corniche Road, Hurghada",Pending,,134
135,"45 Tahrir Street, Sharm El-Sheikh",Delivered,2024-12-04 23:37:05.443127,135
136,"12 Tahrir Street, Giza",Delivered,2024-11-24 12:37:05.443135,136
137,"50 Tahrir Street, Alexandria",Pending,,137
138,"15 Tahrir Street, Alexandria",In Transit,2024-11-16 07:37:05.443146,138
139,"32 Tahrir Street, Alexandria",Delivered,2024-11-03 07:37:05.443152,139
140,"31 Corniche Road, Cairo",Delivered,2024-11-23 06:37:05.443157,140
141,"46 Corniche Road, Alexandria",Pending,,141
142,"1 Corniche Road, Hurghada",Pending,,142
143,"43 Tahrir Street, Cairo",In Transit,2024-12-21 22:37:05.443175,143
144,"10 Corniche Road, Sharm El-Sheikh",Pending,,144
145,"47 Corniche Road, Giza",Delivered,2024-12-11 11:37:05.443186,145
146,"5 Tahrir Street, Cairo",Delivered,2024-12-19 19:37:05.443191,146
147,"48 Tahrir Street, Marsa Alam",In Transit,2024-11-06 17:37:05.443200,147
148,"17 Tahrir Street, Marsa Alam",Pending,,148
149,"20 Tahrir Street, Sharm El-Sheikh",In Transit,2024-12-22 08:37:05.443219,149
150,"42 Corniche Road, Cairo",Delivered,2024-12-25 06:37:05.443225,150
151,"3 Corniche Road, Giza",Delivered,2024-12-25 06:37:05.443230,151
152,"22 Corniche Road, Hurghada",Delivered,2024-12-25 21:37:05.443236,152
153,"34 Corniche Road, Marsa Alam",In Transit,2024-11-03 06:37:05.443241,153
154,"1 Corniche Road, Marsa Alam",In Transit,2024-11-28 16:37:05.443247,154
155,"34 Corniche Road, Marsa Alam",Delivered,2024-11-17 17:37:05.443253,155
156,"45 Tahrir Street, Alexandria",Pending,,156
157,"37 Tahrir Street, Cairo",In Transit,2024-11-10 11:37:05.443265,157
158,"18 Corniche Road, Alexandria",Pending,,158
159,"8 Corniche Road, Sharm El-Sheikh",Pending,,159
160,"18 Tahrir Street, Cairo",In Transit,2024-11-25 20:37:05.443288,160
161,"24 Tahrir Street, Hurghada",Delivered,2024-11-02 09:37:05.443298,161
162,"36 Tahrir Street, Sharm El-Sheikh",Pending,,162
163,"26 Corniche Road, Hurghada",In Transit,2024-11-06 22:37:05.443311,163
164,"16 Tahrir Street, Hurghada",In Transit,2024-11-14 10:37:05.443316,164
165,"5 Tahrir Street, Alexandria",Pending,,165
166,"7 Corniche Road, Alexandria",Delivered,2024-11-01 18:37:05.443327,166
167,"43 Tahrir Street, Marsa Alam",Delivered,2024-11-07 21:37:05.443332,167
168,"29 Tahrir Street, Hurghada",Pending,,168
169,"11 Corniche Road, Marsa Alam",In Transit,2024-12-17 03:37:05.443344,169
170,"27 Corniche Road, Cairo",Pending,,170
171,"23 Tahrir Street, Marsa Alam",Pending,,171
172,"45 Tahrir Street, Sharm El-Sheikh",Delivered,2024-12-14 14:37:05.443361,172
173,"28 Tahrir Street, Giza",In Transit,2024-11-24 18:37:05.443372,173
174,"21 Corniche Road, Marsa Alam",In Transit,2024-12-20 16:37:05.443382,174
175,"33 Corniche Road, Marsa Alam",In Transit,2024-11-12 20:37:05.443388,175
176,"12 Tahrir Street, Marsa Alam",In Transit,2024-11-29 14:37:05.443394,176
177,"40 Corniche Road, Marsa Alam",Delivered,2024-12-13 13:37:05.443400,177
178,"36 Corniche Road, Hurghada",In Transit,2024-12-15 02:37:05.443405,178
179,"16 Corniche Road, Alexandria",Pending,,179
180,"43 Tahrir Street, Alexandria",Pending,,180
181,"24 Corniche Road, Giza",Pending,,181
182,"50 Tahrir Street, Giza",Delivered,2024-12-06 00:37:05.443429,182
183,"28 Tahrir Street, Sharm El-Sheikh",In Transit,2024-12-11 11:37:05.443435,183
184,"38 Corniche Road, Cairo",Delivered,2024-11-27 23:37:05.443441,184
185,"17 Corniche Road, Cairo",In Transit,2024-12-09 04:37:05.443451,185
186,"33 Corniche Road, Cairo",Pending,,186
187,"5 Corniche Road, Sharm El-Sheikh",Pending,,187
188,"27 Corniche Road, Marsa Alam",Pending,,188
189,"33 Tahrir Street, Sharm El-Sheikh",Delivered,2024-11-30 04:37:05.443478,189
190,"1 Tahrir Street, Cairo",Pending,,190
191,"12 Corniche Road, Cairo",Pending,,191
192,"12 Corniche Road, Cairo",In Transit,2024-11-10 02:37:05.443496,192
193,"17 Corniche Road, Cairo",Pending,,193
194,"16 Corniche Road, Cairo",In Transit,2024-12-17 17:37:05.443507,194
195,"45 Corniche Road, Alexandria",Delivered,2024-11-22 21:37:05.443513,195
196,"39 Corniche Road, Giza",Delivered,2024-12-23 16:37:05.443518,196
197,"13 Tahrir Street, Marsa Alam",In Transit,2024-11-14 19:37:05.443525,197
198,"33 Corniche Road, Giza",In Transit,2024-12-24 09:37:05.443537,198
199,"1 Tahrir Street, Hurghada",Delivered,2024-12-03 18:37:05.443544,199
200,"10 Corniche Road, Giza",In Transit,2024-11-07 14:37:05.443549,200
201,"38 Tahrir Street, Cairo",Pending,,201
202,"44 Corniche Road, Alexandria",Delivered,2024-12-25 13:37:05.443562,202
203,"21 Corniche Road, Marsa Alam",In Transit,2024-11-21 16:37:05.443568,203
204,"30 Tahrir Street, Cairo",Pending,,204
205,"39 Corniche Road, Hurghada",Pending,,205
206,"21 Tahrir Street, Sharm El-Sheikh",Delivered,2024-11-11 22:37:05.443586,206
207,"38 Tahrir Street, Hurghada",In Transit,2024-12-17 05:37:05.443592,207
208,"31 Corniche Road, Marsa Alam",Delivered,2024-11-30 04:37:05.443598,208
209,"39 Tahrir Street, Alexandria",Pending,,209
210,"50 Corniche Road, Cairo",Pending,,210
211,"26 Corniche Road, Alexandria",Delivered,2024-12-01 07:37:05.443614,211
212,"15 Corniche Road, Sharm El-Sheikh",Delivered,2024-12-22 20:37:05.443620,212
213,"5 Tahrir Street, Giza",Delivered,2024-12-06 19:37:05.443625,213
214,"18 Corniche Road, Sharm El-Sheikh",Delivered,2024-11-20 10:37:05.443632,214
215,"48 Tahrir Street, Sharm El-Sheikh",Pending,,215
216,"42 Tahrir Street, Alexandria",Delivered,2024-12-22 08:37:05.443643,216
217,"25 Tahrir Street, Sharm El-Sheikh",Pending,,217
218,"28 Corniche Road, Giza",Pending,,218
219,"26 Tahrir Street, Giza",In Transit,2024-11-17 10:37:05.443660,219
220,"35 Corniche Road, Alexandria",Delivered,2024-11-09 00:37:05.443665,220
221,"50 Corniche Road, Sharm El-Sheikh",Delivered,2024-12-08 12:37:05.443671,221
222,"50 Corniche Road, Sharm El-Sheikh",In Transit,2024-12-01 07:37:05.443676,222
223,"36 Corniche Road, Hurghada",Pending,,223
224,"27 Tahrir Street, Sharm El-Sheikh",Delivered,2024-11-15 18:37:05.443689,224
225,"28 Corniche Road, Cairo",Delivered,2024-11-29 17:37:05.443695,225
226,"41 Tahrir Street, Marsa Alam",Delivered,2024-12-29 17:37:05.443702,226
227,"26 Tahrir Street, Giza",Delivered,2024-12-31 21:37:05.443708,227
228,"50 Tahrir Street, Cairo",In Transit,2024-12-23 20:37:05.443714,228
229,"16 Corniche Road, Hurghada",Delivered,2024-12-18 22:37:05.443720,229
230,"41 Tahrir Street, Marsa Alam",Pending,,230
231,"10 Tahrir Street, Sharm El-Sheikh",Pending,,231
232,"29 Tahrir Street, Alexandria",In Transit,2024-11-30 09:37:05.443737,232
233,"50 Corniche Road, Marsa Alam",In Transit,2024-11-25 14:37:05.443743,233
234,"1 Tahrir Street, Marsa Alam",Delivered,2024-12-18 07:37:05.443749,234
235,"22 Tahrir Street, Alexandria",In Transit,2024-11-30 17:37:05.443755,235
236,"20 Tahrir Street, Alexandria",Delivered,2024-12-05 14:37:05.443760,236
237,"42 Tahrir Street, Giza",In Transit,2024-11-08 15:37:05.443765,237
238,"36 Corniche Road, Sharm El-Sheikh",Delivered,2024-12-12 22:37:05.443771,238
239,"22 Corniche Road, Sharm El-Sheikh",In Transit,2025-01-01 04:37:05.443777,239
240,"28 Corniche Road, Marsa Alam",Delivered,2024-12-05 06:37:05.443783,240
241,"29 Corniche Road, Alexandria",Pending,,241
242,"23 Tahrir Street, Giza",Delivered,2024-12-23 15:37:05.443794,242
243,"5 Corniche Road, Sharm El-Sheikh",Pending,,243
244,"7 Corniche Road, Giza",Pending,,244
245,"4 Tahrir Street, Marsa Alam",Delivered,2024-12-17 00:37:05.443821,245
246,"28 Corniche Road, Giza",Delivered,2024-12-20 16:37:05.443827,246
247,"22 Tahrir Street, Sharm El-Sheikh",Pending,,247
248,"44 Corniche Road, Hurghada",Pending,,248
249,"37 Tahrir Street, Marsa Alam",Delivered,2024-11-24 21:37:05.443845,249
250,"46 Corniche Road, Cairo",Delivered,2024-12-01 09:37:05.443856,250
251,"23 Tahrir Street, Alexandria",Pending,,251
252,"44 Tahrir Street, Sharm El-Sheikh",In Transit,2024-12-18 10:37:05.443870,252
253,"6 Tahrir Street, Hurghada",In Transit,2024-12-06 20:37:05.443876,253
254,"26 Corniche Road, Marsa Alam",Pending,,254
255,"47 Tahrir Street, Hurghada",Pending,,255
256,"21 Corniche Road, Alexandria",Delivered,2024-11-24 22:37:05.443894,256
257,"47 Tahrir Street, Alexandria",Pending,,257
258,"24 Tahrir Street, Giza",Delivered,2024-12-02 00:37:05.443906,258
259,"38 Tahrir Street, Marsa Alam",In Transit,2024-12-22 10:37:05.443911,259
260,"47 Corniche Road, Hurghada",Pending,,260
261,"46 Corniche Road, Cairo",In Transit,2024-11-19 07:37:05.443923,261
262,"12 Tahrir Street, Alexandria",Delivered,2024-12-15 23:37:05.443929,262
263,"14 Corniche Road, Cairo",In Transit,2024-11-29 03:37:05.443935,263
264,"13 Corniche Road, Sharm El-Sheikh",In Transit,2024-11-10 20:37:05.443941,264
265,"6 Corniche Road, Marsa Alam",Pending,,265
266,"8 Tahrir Street, Giza",In Transit,2024-11-17 02:37:05.443952,266
267,"25 Tahrir Street, Cairo",Pending,,267
268,"28 Corniche Road, Cairo",Pending,,268
269,"29 Tahrir Street, Alexandria",Pending,,269
270,"46 Corniche Road, Marsa Alam",In Transit,2024-11-20 04:37:05.443975,270
271,"1 Corniche Road, Marsa Alam",In Transit,2024-12-03 23:37:05.443981,271
272,"7 Corniche Road, Hurghada",Pending,,272
273,"7 Tahrir Street, Cairo",Delivered,2024-11-04 18:37:05.443992,273
274,"35 Tahrir Street, Sharm El-Sheikh",Delivered,2024-11-16 23:37:05.443997,274
275,"42 Corniche Road, Cairo",Pending,,275
276,"24 Tahrir Street, Hurghada",In Transit,2024-11-04 12:37:05.444009,276
277,"32 Tahrir Street, Alexandria",In Transit,2024-11-20 13:37:05.444014,277
278,"17 Tahrir Street, Giza",Delivered,2024-12-26 16:37:05.444020,278
279,"41 Corniche Road, Sharm El-Sheikh",In Transit,2024-11-16 00:37:05.444026,279
280,"1 Corniche Road, Sharm El-Sheikh",Pending,,280
281,"22 Tahrir Street, Cairo",Pending,,281
282,"47 Tahrir Street, Sharm El-Sheikh",In Transit,2024-12-25 14:37:05.444043,282
283,"28 Corniche Road, Sharm El-Sheikh",Delivered,2024-11-28 20:37:05.444049,283
284,"8 Corniche Road, Sharm El-Sheikh",Delivered,2024-12-18 12:37:05.444054,284
285,"2 Tahrir Street, Sharm El-Sheikh",In Transit,2024-11-25 05:37:05.444060,285
286,"7 Tahrir Street, Marsa Alam",Pending,,286
287,"3 Tahrir Street, Hurghada",In Transit,2024-12-23 23:37:05.444072,287
288,"23 Tahrir Street, Sharm El-Sheikh",In Transit,2024-11-22 17:37:05.444079,288
289,"14 Tahrir Street, Marsa Alam",In Transit,2024-12-13 21:37:05.444084,289
290,"24 Tahrir Street, Alexandria",Delivered,2024-12-02 01:37:05.444090,290
291,"40 Tahrir Street, Giza",Pending,,291
292,"6 Tahrir Street, Sharm El-Sheikh",In Transit,2024-12-20 05:37:05.444101,292
293,"31 Corniche Road, Cairo",Pending,,293
294,"11 Tahrir Street, Hurghada",In Transit,2024-11-10 22:37:05.444112,294
295,"50 Corniche Road, Sharm El-Sheikh",Delivered,2024-12-06 09:37:05.444118,295
296,"12 Corniche Road, Giza",In Transit,2024-11-12 06:37:05.444123,296
297,"18 Tahrir Street, Sharm El-Sheikh",In Transit,2024-11-24 14:37:05.444129,297
298,"7 Tahrir Street, Marsa Alam",Pending,,298
299,"22 Corniche Road, Marsa Alam",In Transit,2024-11-17 02:37:05.444140,299
300,"4 Corniche Road, Hurghada",In Transit,2024-11-04 14:37:05.444146,300
301,"10 Tahrir Street, Sharm El-Sheikh",Pending,,301
302,"46 Corniche Road, Sharm El-Sheikh",Delivered,2024-12-14 19:37:05.444158,302
303,"22 Corniche Road, Giza",In Transit,2024-12-22 14:37:05.444163,303
304,"46 Tahrir Street, Giza",In Transit,2024-12-09 19:37:05.444169,304
305,"39 Corniche Road, Giza",Delivered,2024-12-11 05:37:05.444178,305
306,"17 Tahrir Street, Alexandria",In Transit,2024-11-11 07:37:05.444188,306
307,"8 Tahrir Street, Alexandria",Pending,,307
308,"22 Corniche Road, Giza",Delivered,2024-11-25 23:37:05.444208,308
309,"19 Corniche Road, Marsa Alam",In Transit,2024-11-16 03:37:05.444214,309
310,"45 Tahrir Street, Cairo",In Transit,2024-11-27 09:37:05.444221,310
311,"12 Corniche Road, Cairo",Pending,,311
312,"10 Corniche Road, Cairo",Pending,,312
313,"31 Tahrir Street, Alexandria",Pending,,313
314,"4 Corniche Road, Cairo",Pending,,314
315,"20 Corniche Road, Marsa Alam",Pending,,315
316,"13 Corniche Road, Sharm El-Sheikh",Pending,,316
317,"43 Corniche Road, Giza",Pending,,317
318,"1 Corniche Road, Marsa Alam",In Transit,2024-11-23 18:37:05.444267,318
319,"17 Tahrir Street, Giza",In Transit,2024-12-19 20:37:05.444273,319
320,"6 Corniche Road, Marsa Alam",Pending,,320
321,"22 Tahrir Street, Marsa Alam",Pending,,321
322,"50 Corniche Road, Giza",Pending,,322
323,"11 Tahrir Street, Giza",Delivered,2024-11-17 01:37:05.444297,323
324,"21 Tahrir Street, Hurghada",Delivered,2024-12-10 16:37:05.444302,324
325,"9 Corniche Road, Cairo",Pending,,325
326,"31 Corniche Road, Sharm El-Sheikh",In Transit,2024-11-30 04:37:05.444314,326
327,"22 Tahrir Street, Giza",Delivered,2024-11-09 14:37:05.444320,327
328,"17 Corniche Road, Alexandria",Delivered,2024-11-07 08:37:05.444325,328
329,"27 Corniche Road, Alexandria",Pending,,329
330,"44 Corniche Road, Sharm El-Sheikh",In Transit,2024-12-17 19:37:05.444337,330
331,"49 Corniche Road, Sharm El-Sheikh",Delivered,2024-11-13 19:37:05.444343,331
332,"43 Corniche Road, Sharm El-Sheikh",Pending,,332
333,"22 Corniche Road, Alexandria",In Transit,2024-11-09 06:37:05.444354,333
334,"4 Tahrir Street, Sharm El-Sheikh",Pending,,334
335,"40 Corniche Road, Marsa Alam",In Transit,2024-11-11 09:37:05.444365,335
336,"4 Corniche Road, Alexandria",In Transit,2024-12-16 02:37:05.444371,336
337,"37 Tahrir Street, Hurghada",In Transit,2024-12-03 08:37:05.444378,337
338,"11 Corniche Road, Cairo",Pending,,338
339,"35 Corniche Road, Giza",In Transit,2024-11-02 17:37:05.444396,339
340,"28 Corniche Road, Marsa Alam",Delivered,2024-12-29 08:37:05.444408,340
341,"27 Tahrir Street, Marsa Alam",Pending,,341
342,"9 Corniche Road, Alexandria",Pending,,342
343,"35 Tahrir Street, Giza",In Transit,2024-11-27 10:37:05.444425,343
344,"24 Corniche Road, Marsa Alam",In Transit,2024-12-05 16:37:05.444431,344
345,"14 Corniche Road, Cairo",Delivered,2024-11-02 20:37:05.444437,345
346,"37 Tahrir Street, Marsa Alam",Delivered,2024-11-19 03:37:05.444442,346
347,"2 Tahrir Street, Sharm El-Sheikh",Delivered,2024-11-25 02:37:05.444448,347
348,"35 Tahrir Street, Alexandria",Pending,,348
349,"39 Corniche Road, Alexandria",Delivered,2024-12-14 13:37:05.444460,349
350,"34 Tahrir Street, Alexandria",Delivered,2024-12-18 08:37:05.444466,350
351,"16 Tahrir Street, Marsa Alam",Delivered,2024-12-09 21:37:05.444471,351
352,"20 Tahrir Street, Marsa Alam",Pending,,352
353,"45 Tahrir Street, Sharm El-Sheikh",Pending,,353
354,"39 Tahrir Street, Giza",In Transit,2024-12-25 10:37:05.444491,354
355,"48 Tahrir Street, Giza",In Transit,2025-01-01 04:37:05.444496,355
356,"19 Corniche Road, Hurghada",Pending,,356
357,"23 Corniche Road, Sharm El-Sheikh",In Transit,2024-12-09 16:37:05.444507,357
358,"46 Corniche Road, Cairo",Delivered,2024-12-11 15:37:05.444513,358
359,"32 Corniche Road, Hurghada",In Transit,2024-12-05 14:37:05.444518,359
360,"5 Corniche Road, Cairo",Pending,,360
361,"46 Tahrir Street, Hurghada",Delivered,2024-12-03 19:37:05.444530,361
362,"14 Corniche Road, Hurghada",Pending,,362
363,"13 Corniche Road, Hurghada",In Transit,2024-12-20 07:37:05.444541,363
364,"15 Corniche Road, Sharm El-Sheikh",Pending,,364
365,"46 Corniche Road, Sharm El-Sheikh",Delivered,2024-12-08 02:37:05.444552,365
366,"5 Tahrir Street, Hurghada",Pending,,366
367,"6 Tahrir Street, Alexandria",Pending,,367
368,"35 Tahrir Street, Giza",Pending,,368
369,"37 Tahrir Street, Marsa Alam",Pending,,369
370,"9 Tahrir Street, Cairo",Pending,,370
371,"22 Corniche Road, Giza",In Transit,2024-11-23 17:37:05.444586,371
372,"5 Tahrir Street, Hurghada",Delivered,2024-11-12 15:37:05.444592,372
373,"22 Tahrir Street, Alexandria",Pending,,373
374,"18 Corniche Road, Sharm El-Sheikh",Pending,,374
375,"44 Tahrir Street, Cairo",In Transit,2024-12-18 00:37:05.444608,375
376,"48 Tahrir Street, Hurghada",In Transit,2024-12-09 03:37:05.444614,376
377,"36 Tahrir Street, Marsa Alam",Delivered,2024-12-27 18:37:05.444620,377
378,"14 Corniche Road, Giza",In Transit,2024-12-23 15:37:05.444626,378
379,"46 Tahrir Street, Sharm El-Sheikh",Delivered,2024-11-24 10:37:05.444631,379
380,"26 Corniche Road, Cairo",Pending,,380
381,"28 Tahrir Street, Cairo",In Transit,2024-11-11 17:37:05.444643,381
382,"1 Corniche Road, Alexandria",Delivered,2024-12-28 21:37:05.444649,382
383,"19 Corniche Road, Alexandria",Pending,,383
384,"46 Tahrir Street, Marsa Alam",In Transit,2024-11-09 13:37:05.444662,384
385,"44 Tahrir Street, Marsa Alam",Pending,,385
386,"29 Tahrir Street, Sharm El-Sheikh",In Transit,2024-12-07 14:37:05.444673,386
387,"16 Corniche Road, Cairo",Delivered,2024-11-07 03:37:05.444679,387
388,"47 Tahrir Street, Sharm El-Sheikh",Pending,,388
389,"30 Corniche Road, Alexandria",In Transit,2024-11-10 04:37:05.444690,389
390,"27 Corniche Road, Cairo",Delivered,2024-11-15 11:37:05.444695,390
391,"46 Tahrir Street, Sharm El-Sheikh",Delivered,2024-11-23 09:37:05.444701,391
392,"21 Corniche Road, Alexandria",Delivered,2024-11-16 03:37:05.444707,392
393,"5 Corniche Road, Alexandria",In Transit,2024-11-05 02:37:05.444712,393
394,"34 Corniche Road, Hurghada",Delivered,2024-12-22 13:37:05.444718,394
395,"50 Tahrir Street, Marsa Alam",In Transit,2024-11-21 13:37:05.444724,395
396,"49 Tahrir Street, Marsa Alam",Pending,,396
397,"20 Corniche Road, Cairo",In Transit,2024-11-02 14:37:05.444736,397
398,"17 Corniche Road, Hurghada",Pending,,398
399,"6 Tahrir Street, Hurghada",In Transit,2024-11-11 16:37:05.444747,399
400,"38 Tahrir Street, Sharm El-Sheikh",Pending,,400
401,"6 Tahrir Street, Hurghada",Pending,,401
402,"35 Tahrir Street, Sharm El-Sheikh",Delivered,2024-11-05 07:37:05.444766,402
403,"6 Tahrir Street, Cairo",Delivered,2024-12-20 11:37:05.444772,403
404,"11 Tahrir Street, Giza",Delivered,2024-12-13 20:37:05.444777,404
405,"12 Corniche Road, Giza",Delivered,2024-11-07 12:37:05.444783,405
406,"3 Corniche Road, Sharm El-Sheikh",In Transit,2024-12-21 21:37:05.444789,406
407,"18 Corniche Road, Cairo",Pending,,407
408,"40 Corniche Road, Giza",Delivered,2024-12-08 14:37:05.444800,408
409,"32 Corniche Road, Marsa Alam",Pending,,409
410,"32 Tahrir Street, Alexandria",In Transit,2024-12-21 07:37:05.444812,410
411,"18 Corniche Road, Sharm El-Sheikh",Delivered,2024-12-09 00:37:05.444817,411
412,"21 Corniche Road, Sharm El-Sheikh",Delivered,2024-12-24 04:37:05.444823,412
413,"17 Tahrir Street, Giza",Delivered,2024-11-04 00:37:05.444829,413
414,"16 Tahrir Street, Hurghada",Delivered,2024-11-19 12:37:05.444834,414
415,"50 Corniche Road, Marsa Alam",In Transit,2024-11-09 04:37:05.444839,415
416,"9 Tahrir Street, Alexandria",Pending,,416
417,"17 Corniche Road, Alexandria",Pending,,417
418,"50 Corniche Road, Cairo",In Transit,2024-12-21 11:37:05.444856,418
419,"17 Corniche Road, Cairo",Delivered,2024-12-06 13:37:05.444862,419
420,"40 Tahrir Street, Marsa Alam",In Transit,2024-12-12 08:37:05.444868,420
421,"46 Corniche Road, Cairo",In Transit,2024-11-19 00:37:05.444874,421
422,"31 Corniche Road, Giza",Delivered,2024-11-27 14:37:05.444884,422
423,"16 Tahrir Street, Giza",Pending,,423
424,"20 Corniche Road, Alexandria",In Transit,2024-12-05 11:37:05.444903,424
425,"33 Tahrir Street, Marsa Alam",In Transit,2024-11-26 03:37:05.444909,425
426,"43 Tahrir Street, Cairo",Delivered,2024-12-08 15:37:05.444914,426
427,"22 Corniche Road, Alexandria",Pending,,427
428,"42 Tahrir Street, Hurghada",Delivered,2024-12-02 04:37:05.444934,428
429,"34 Corniche Road, Cairo",Delivered,2024-11-05 08:37:05.444941,429
430,"28 Corniche Road, Sharm El-Sheikh",Delivered,2024-12-09 17:37:05.444947,430
431,"17 Tahrir Street, Cairo",Delivered,2024-12-07 14:37:05.444953,431
432,"3 Corniche Road, Cairo",Pending,,432
433,"26 Tahrir Street, Marsa Alam",Pending,,433
434,"43 Corniche Road, Hurghada",Delivered,2024-12-21 19:37:05.444970,434
435,"48 Corniche Road, Marsa Alam",Pending,,435
436,"47 Corniche Road, Sharm El-Sheikh",Pending,,436
437,"26 Corniche Road, Alexandria",In Transit,2024-12-01 08:37:05.444987,437
438,"34 Tahrir Street, Hurghada",Delivered,2024-12-12 01:37:05.444992,438
439,"22 Corniche Road, Alexandria",Delivered,2024-12-23 04:37:05.444999,439
440,"7 Corniche Road, Giza",Pending,,440
441,"24 Tahrir Street, Marsa Alam",Delivered,2024-12-16 06:37:05.445010,441
442,"43 Corniche Road, Marsa Alam",Pending,,442
443,"1 Tahrir Street, Marsa Alam",Delivered,2024-11-20 15:37:05.445022,443
444,"9 Tahrir Street, Giza",Delivered,2024-11-10 12:37:05.445027,444
445,"7 Tahrir Street, Sharm El-Sheikh",Pending,,445
446,"7 Tahrir Street, Hurghada",Delivered,2024-12-17 21:37:05.445038,446
447,"20 Corniche Road, Sharm El-Sheikh",Pending,,447
448,"36 Corniche Road, Hurghada",Pending,,448
449,"5 Tahrir Street, Alexandria",In Transit,2024-12-25 01:37:05.445056,449
450,"22 Tahrir Street, Cairo",In Transit,2024-12-29 11:37:05.445062,450
451,"11 Corniche Road, Hurghada",In Transit,2024-11-23 19:37:05.445068,451
452,"41 Corniche Road, Giza",Pending,,452
453,"27 Tahrir Street, Cairo",In Transit,2024-12-05 14:37:05.445078,453
454,"22 Tahrir Street, Cairo",In Transit,2024-11-30 09:37:05.445084,454
455,"26 Corniche Road, Sharm El-Sheikh",In Transit,2024-11-16 08:37:05.445090,455
456,"22 Corniche Road, Sharm El-Sheikh",Delivered,2024-11-23 07:37:05.445095,456
457,"19 Corniche Road, Marsa Alam",In Transit,2024-12-08 02:37:05.445101,457
458,"2 Corniche Road, Marsa Alam",In Transit,2024-11-04 16:37:05.445107,458
459,"24 Corniche Road, Marsa Alam",Pending,,459
460,"26 Corniche Road, Marsa Alam",Delivered,2024-11-28 22:37:05.445118,460
461,"47 Tahrir Street, Cairo",Pending,,461
462,"29 Tahrir Street, Giza",Pending,,462
463,"8 Tahrir Street, Marsa Alam",Pending,,463
464,"33 Tahrir Street, Hurghada",In Transit,2024-11-12 13:37:05.445141,464
465,"25 Tahrir Street, Hurghada",Delivered,2024-11-27 16:37:05.445148,465
466,"36 Tahrir Street, Marsa Alam",In Transit,2024-12-21 17:37:05.445164,466
467,"12 Corniche Road, Hurghada",In Transit,2024-11-11 20:37:05.445170,467
468,"47 Corniche Road, Alexandria",Delivered,2024-12-16 11:37:05.445175,468
469,"24 Tahrir Street, Hurghada",In Transit,2024-11-13 13:37:05.445181,469
470,"8 Tahrir Street, Alexandria",Pending,,470
471,"50 Corniche Road, Alexandria",In Transit,2024-12-09 18:37:05.445193,471
472,"24 Tahrir Street, Marsa Alam",Pending,,472
473,"1 Corniche Road, Alexandria",Pending,,473
474,"15 Corniche Road, Hurghada",In Transit,2024-11-14 12:37:05.445211,474
475,"42 Corniche Road, Marsa Alam",In Transit,2024-12-15 06:37:05.445217,475
476,"9 Tahrir Street, Cairo",Pending,,476
477,"48 Corniche Road, Hurghada",Delivered,2024-12-16 14:37:05.445229,477
478,"23 Corniche Road, Giza",Delivered,2024-12-19 08:37:05.445235,478
479,"2 Tahrir Street, Giza",Pending,,479
480,"18 Corniche Road, Giza",Pending,,480
481,"12 Corniche Road, Hurghada",In Transit,2024-11-30 02:37:05.445257,481
482,"41 Tahrir Street, Hurghada",In Transit,2024-11-24 21:37:05.445268,482
483,"40 Tahrir Street, Sharm El-Sheikh",Delivered,2024-11-15 16:37:05.445279,483
484,"1 Corniche Road, Giza",Pending,,484
485,"24 Tahrir Street, Alexandria",Pending,,485
486,"4 Corniche Road, Marsa Alam",Delivered,2024-11-11 05:37:05.445298,486
487,"27 Corniche Road, Sharm El-Sheikh",Delivered,2024-11-14 08:37:05.445305,487
488,"35 Corniche Road, Alexandria",Pending,,488
489,"7 Tahrir Street, Giza",Delivered,2024-11-03 21:37:05.445316,489
490,"31 Tahrir Street, Sharm El-Sheikh",Delivered,2024-12-01 13:37:05.445322,490
491,"3 Tahrir Street, Sharm El-Sheikh",Delivered,2024-11-26 17:37:05.445328,491
492,"6 Corniche Road, Alexandria",Pending,,492
493,"47 Tahrir Street, Marsa Alam",Pending,,493
494,"10 Tahrir Street, Hurghada",In Transit,2024-12-05 16:37:05.445347,494
495,"48 Corniche Road, Hurghada",In Transit,2024-11-11 18:37:05.445353,495
496,"20 Tahrir Street, Hurghada",Pending,,496
497,"24 Tahrir Street, Hurghada",In Transit,2024-11-08 12:37:05.445364,497
498,"19 Corniche Road, Cairo",Pending,,498
499,"36 Corniche Road, Marsa Alam",In Transit,2024-11-21 17:37:05.445376,499
500,"1 Tahrir Street, Giza",Pending,,500
501,"11 Corniche Road, Hurghada",Pending,,501
502,"22 Tahrir Street, Cairo",In Transit,2024-11-24 20:37:05.445392,502
503,"11 Tahrir Street, Hurghada",Pending,,503
504,"1 Corniche Road, Giza",Delivered,2024-12-02 19:37:05.445404,504
505,"8 Corniche Road, Sharm El-Sheikh",In Transit,2025-01-01 13:37:05.445409,505
506,"15 Tahrir Street, Alexandria",Pending,,506
507,"22 Tahrir Street, Sharm El-Sheikh",Delivered,2024-11-02 19:37:05.445421,507
508,"30 Tahrir Street, Marsa Alam",Pending,,508
509,"23 Tahrir Street, Hurghada",In Transit,2024-12-28 09:37:05.445432,509
510,"35 Tahrir Street, Cairo",Delivered,2024-12-23 02:37:05.445438,510
511,"38 Tahrir Street, Giza",Pending,,511
512,"21 Corniche Road, Sharm El-Sheikh",Pending,,512
513,"31 Corniche Road, Hurghada",In Transit,2024-11-07 22:37:05.445462,513
514,"11 Tahrir Street, Cairo",Pending,,514
515,"50 Tahrir Street, Alexandria",In Transit,2024-12-07 17:37:05.445482,515
516,"16 Corniche Road, Marsa Alam",Delivered,2024-12-31 14:37:05.445488,516
517,"33 Tahrir Street, Hurghada",Delivered,2024-11-09 06:37:05.445494,517
518,"35 Corniche Road, Marsa Alam",In Transit,2024-12-17 03:37:05.445500,518
519,"50 Tahrir Street, Cairo",Pending,,519
520,"12 Corniche Road, Marsa Alam",In Transit,2024-12-07 17:37:05.445511,520
521,"44 Corniche Road, Sharm El-Sheikh",In Transit,2024-11-09 11:37:05.445516,521
522,"32 Corniche Road, Giza",In Transit,2024-11-21 10:37:05.445522,522
523,"35 Corniche Road, Marsa Alam",Delivered,2024-11-26 07:37:05.445529,523
524,"48 Tahrir Street, Marsa Alam",Pending,,524
525,"33 Corniche Road, Alexandria",In Transit,2024-11-05 12:37:05.445544,525
526,"17 Tahrir Street, Hurghada",Delivered,2024-11-27 11:37:05.445573,526
527,"33 Corniche Road, Giza",In Transit,2024-11-13 16:37:05.445583,527
528,"29 Corniche Road, Sharm El-Sheikh",In Transit,2024-12-11 04:37:05.445592,528
529,"39 Tahrir Street, Cairo",Delivered,2024-11-30 21:37:05.445603,529
530,"40 Corniche Road, Giza",Delivered,2024-12-16 06:37:05.445613,530
531,"34 Corniche Road, Giza",Delivered,2024-11-21 22:37:05.445622,531
532,"28 Corniche Road, Sharm El-Sheikh",Pending,,532
533,"46 Tahrir Street, Sharm El-Sheikh",Delivered,2024-11-20 18:37:05.445641,533
534,"41 Corniche Road, Alexandria",In Transit,2024-12-07 17:37:05.445652,534
535,"33 Tahrir Street, Sharm El-Sheikh",In Transit,2024-12-21 12:37:05.445658,535
536,"28 Tahrir Street, Hurghada",Delivered,2024-12-07 11:37:05.445665,536
537,"18 Corniche Road, Marsa Alam",Pending,,537
538,"21 Tahrir Street, Giza",Pending,,538
539,"30 Tahrir Street, Sharm El-Sheikh",In Transit,2024-11-27 19:37:05.445682,539
540,"24 Corniche Road, Cairo",Delivered,2024-12-09 07:37:05.445688,540
541,"29 Corniche Road, Sharm El-Sheikh",In Transit,2024-12-23 18:37:05.445694,541
542,"27 Corniche Road, Sharm El-Sheikh",Pending,,542
543,"11 Corniche Road, Marsa Alam",Delivered,2024-12-24 05:37:05.445705,543
544,"31 Corniche Road, Cairo",Delivered,2024-12-19 00:37:05.445712,544
545,"2 Tahrir Street, Cairo",Delivered,2024-12-19 18:37:05.445717,545
546,"45 Tahrir Street, Marsa Alam",In Transit,2024-12-19 14:37:05.445723,546
547,"33 Corniche Road, Hurghada",In Transit,2024-12-01 04:37:05.445729,547
548,"24 Tahrir Street, Marsa Alam",Delivered,2024-12-10 08:37:05.445736,548
549,"1 Corniche Road, Cairo",Pending,,549
550,"15 Corniche Road, Cairo",In Transit,2024-12-13 21:37:05.445747,550
551,"22 Tahrir Street, Giza",In Transit,2024-11-30 17:37:05.445753,551
552,"26 Tahrir Street, Cairo",Pending,,552
553,"36 Tahrir Street, Alexandria",In Transit,2024-12-05 05:37:05.445765,553
554,"33 Tahrir Street, Alexandria",Delivered,2024-11-15 06:37:05.445772,554
555,"17 Corniche Road, Cairo",Pending,,555
556,"20 Corniche Road, Sharm El-Sheikh",Delivered,2024-11-26 17:37:05.445782,556
557,"29 Corniche Road, Giza",Pending,,557
558,"20 Corniche Road, Alexandria",Delivered,2024-12-16 13:37:05.445793,558
559,"47 Tahrir Street, Alexandria",Pending,,559
560,"14 Corniche Road, Marsa Alam",Pending,,560
561,"44 Tahrir Street, Giza",In Transit,2024-12-14 16:37:05.445809,561
562,"8 Tahrir Street, Cairo",Pending,,562
563,"25 Tahrir Street, Cairo",Pending,,563
564,"6 Tahrir Street, Sharm El-Sheikh",Pending,,564
565,"44 Tahrir Street, Giza",Pending,,565
566,"16 Corniche Road, Hurghada",Delivered,2024-11-26 21:37:05.445836,566
567,"21 Corniche Road, Marsa Alam",In Transit,2024-11-10 06:37:05.445843,567
568,"27 Tahrir Street, Sharm El-Sheikh",Pending,,568
569,"42 Corniche Road, Alexandria",Pending,,569
570,"7 Tahrir Street, Sharm El-Sheikh",In Transit,2024-12-30 00:37:05.445859,570
571,"34 Tahrir Street, Hurghada",In Transit,2024-11-28 10:37:05.445865,571
572,"14 Corniche Road, Giza",In Transit,2024-12-15 23:37:05.445872,572
573,"7 Tahrir Street, Alexandria",Delivered,2024-11-22 13:37:05.445877,573
574,"25 Corniche Road, Marsa Alam",In Transit,2024-12-04 04:37:05.445883,574
575,"7 Corniche Road, Marsa Alam",In Transit,2024-12-02 21:37:05.445889,575
576,"29 Corniche Road, Cairo",In Transit,2024-12-20 10:37:05.445895,576
577,"9 Corniche Road, Alexandria",Delivered,2024-11-24 16:37:05.445901,577
578,"24 Corniche Road, Marsa Alam",Pending,,578
579,"11 Tahrir Street, Alexandria",In Transit,2024-11-03 13:37:05.445913,579
580,"31 Tahrir Street, Sharm El-Sheikh",In Transit,2024-12-01 09:37:05.445919,580
581,"30 Corniche Road, Hurghada",Delivered,2024-12-10 06:37:05.445924,581
582,"5 Corniche Road, Alexandria",Delivered,2024-12-30 16:37:05.445930,582
583,"35 Tahrir Street, Alexandria",Delivered,2024-11-10 16:37:05.445936,583
584,"32 Corniche Road, Sharm El-Sheikh",Delivered,2024-11-06 21:37:05.445941,584
585,"17 Corniche Road, Marsa Alam",Pending,,585
586,"33 Tahrir Street, Hurghada",Pending,,586
587,"25 Corniche Road, Giza",Delivered,2024-12-15 10:37:05.445963,587
588,"40 Tahrir Street, Alexandria",Pending,,588
589,"42 Corniche Road, Cairo",Pending,,589
590,"5 Tahrir Street, Cairo",Pending,,590
591,"43 Tahrir Street, Cairo",In Transit,2024-11-30 12:37:05.445991,591
592,"19 Tahrir Street, Hurghada",Delivered,2024-11-11 15:37:05.445999,592
593,"34 Corniche Road, Marsa Alam",Pending,,593
594,"24 Tahrir Street, Alexandria",In Transit,2024-12-01 20:37:05.446018,594
595,"12 Tahrir Street, Giza",Delivered,2024-11-12 04:37:05.446024,595
596,"18 Tahrir Street, Marsa Alam",Delivered,2024-12-05 04:37:05.446030,596
597,"21 Corniche Road, Giza",Delivered,2024-11-29 08:37:05.446036,597
598,"13 Corniche Road, Marsa Alam",In Transit,2024-12-09 10:37:05.446041,598
599,"45 Corniche Road, Alexandria",Delivered,2024-11-02 02:37:05.446048,599
600,"36 Corniche Road, Alexandria",Delivered,2024-12-19 22:37:05.446053,600
601,"13 Tahrir Street, Hurghada",Delivered,2024-12-17 21:37:05.446059,601
602,"43 Tahrir Street, Alexandria",Delivered,2024-12-19 13:37:05.446064,602
603,"10 Tahrir Street, Alexandria",Delivered,2024-11-07 01:37:05.446070,603
604,"17 Corniche Road, Marsa Alam",Delivered,2024-12-01 20:37:05.446075,604
605,"37 Corniche Road, Alexandria",Delivered,2024-12-30 00:37:05.446081,605
606,"35 Corniche Road, Hurghada",In Transit,2024-12-21 18:37:05.446086,606
607,"10 Tahrir Street, Marsa Alam",In Transit,2024-12-01 11:37:05.446092,607
608,"48 Tahrir Street, Giza",Pending,,608
609,"18 Tahrir Street, Cairo",Pending,,609
610,"28 Tahrir Street, Marsa Alam",In Transit,2024-12-26 08:37:05.446110,610
611,"11 Tahrir Street, Alexandria",Delivered,2024-11-09 20:37:05.446116,611
612,"34 Corniche Road, Alexandria",In Transit,2024-12-12 16:37:05.446121,612
613,"7 Tahrir Street, Sharm El-Sheikh",Pending,,613
614,"48 Tahrir Street, Giza",Pending,,614
615,"6 Tahrir Street, Marsa Alam",Pending,,615
616,"33 Tahrir Street, Cairo",Delivered,2024-12-31 10:37:05.446147,616
617,"17 Corniche Road, Cairo",In Transit,2024-11-29 08:37:05.446152,617
618,"32 Tahrir Street, Marsa Alam",Pending,,618
619,"49 Tahrir Street, Alexandria",In Transit,2024-11-10 17:37:05.446163,619
620,"12 Corniche Road, Marsa Alam",In Transit,2024-11-18 01:37:05.446169,620
621,"5 Corniche Road, Hurghada",Delivered,2024-12-05 09:37:05.446175,621
622,"36 Corniche Road, Hurghada",Delivered,2024-12-23 20:37:05.446180,622
623,"41 Tahrir Street, Giza",Delivered,2024-12-30 08:37:05.446186,623
624,"26 Tahrir Street, Cairo",Delivered,2024-11-24 12:37:05.446192,624
625,"48 Tahrir Street, Alexandria",Pending,,625
626,"18 Corniche Road, Sharm El-Sheikh",Delivered,2024-12-22 15:37:05.446204,626
627,"5 Tahrir Street, Giza",Delivered,2024-12-10 21:37:05.446209,627
628,"23 Corniche Road, Hurghada",In Transit,2024-12-29 22:37:05.446214,628
629,"36 Corniche Road, Cairo",Pending,,629
630,"50 Corniche Road, Hurghada",Pending,,630
631,"34 Tahrir Street, Sharm El-Sheikh",Pending,,631
632,"9 Corniche Road, Cairo",Delivered,2024-12-19 04:37:05.446237,632
633,"7 Corniche Road, Cairo",Pending,,633
634,"18 Tahrir Street, Alexandria",Delivered,2024-12-06 23:37:05.446248,634
635,"13 Tahrir Street, Giza",In Transit,2024-11-14 20:37:05.446254,635
636,"13 Tahrir Street, Marsa Alam",In Transit,2024-11-03 22:37:05.446259,636
637,"2 Tahrir Street, Hurghada",In Transit,2024-12-18 15:37:05.446265,637
638,"6 Corniche Road, Hurghada",In Transit,2024-12-26 00:37:05.446271,638
639,"34 Tahrir Street, Marsa Alam",In Transit,2024-12-09 13:37:05.446277,639
640,"20 Tahrir Street, Hurghada",Pending,,640
641,"28 Tahrir Street, Sharm El-Sheikh",Pending,,641
642,"46 Corniche Road, Hurghada",In Transit,2024-12-22 23:37:05.446294,642
643,"46 Corniche Road, Sharm El-Sheikh",In Transit,2024-11-18 19:37:05.446300,643
644,"4 Corniche Road, Marsa Alam",Pending,,644
645,"15 Tahrir Street, Sharm El-Sheikh",Delivered,2024-11-08 03:37:05.446311,645
646,"39 Tahrir Street, Marsa Alam",Delivered,2024-11-03 22:37:05.446316,646
647,"43 Corniche Road, Marsa Alam",In Transit,2024-12-23 16:37:05.446324,647
648,"30 Tahrir Street, Hurghada",Delivered,2024-12-15 00:37:05.446333,648
649,"5 Corniche Road, Alexandria",Delivered,2024-12-13 14:37:05.446342,649
650,"50 Tahrir Street, Hurghada",Pending,,650
651,"24 Corniche Road, Cairo",Delivered,2024-12-08 14:37:05.446359,651
652,"39 Corniche Road, Giza",Delivered,2024-11-13 06:37:05.446364,652
653,"43 Corniche Road, Alexandria",Pending,,653
654,"47 Tahrir Street, Hurghada",Delivered,2024-12-31 13:37:05.446376,654
655,"16 Corniche Road, Giza",In Transit,2024-12-01 20:37:05.446381,655
656,"25 Corniche Road, Giza",In Transit,2024-12-31 03:37:05.446387,656
657,"10 Corniche Road, Sharm El-Sheikh",Pending,,657
658,"12 Corniche Road, Hurghada",In Transit,2024-11-09 16:37:05.446398,658
659,"17 Tahrir Street, Giza",Delivered,2024-11-05 20:37:05.446404,659
660,"47 Tahrir Street, Cairo",Delivered,2024-11-30 04:37:05.446409,660
661,"8 Corniche Road, Alexandria",Delivered,2024-12-07 15:37:05.446415,661
662,"32 Corniche Road, Sharm El-Sheikh",Delivered,2024-12-25 23:37:05.446421,662
663,"50 Tahrir Street, Hurghada",Pending,,663
664,"18 Corniche Road, Sharm El-Sheikh",Pending,,664
665,"12 Corniche Road, Alexandria",In Transit,2024-12-23 03:37:05.446438,665
666,"46 Tahrir Street, Cairo",Delivered,2024-12-04 16:37:05.446443,666
667,"40 Tahrir Street, Cairo",Pending,,667
668,"27 Corniche Road, Marsa Alam",Delivered,2024-12-26 15:37:05.446455,668
669,"44 Corniche Road, Cairo",Pending,,669
670,"14 Corniche Road, Alexandria",In Transit,2024-12-27 13:37:05.446466,670
671,"7 Corniche Road, Giza",In Transit,2024-12-09 23:37:05.446472,671
672,"5 Corniche Road, Hurghada",Delivered,2024-11-06 16:37:05.446479,672
673,"20 Tahrir Street, Marsa Alam",In Transit,2024-12-05 05:37:05.446485,673
674,"26 Tahrir Street, Cairo",In Transit,2024-12-11 08:37:05.446491,674
675,"46 Tahrir Street, Hurghada",In Transit,2024-11-17 19:37:05.446497,675
676,"8 Corniche Road, Sharm El-Sheikh",In Transit,2024-11-26 22:37:05.446503,676
677,"25 Corniche Road, Sharm El-Sheikh",Pending,,677
678,"30 Corniche Road, Marsa Alam",Delivered,2024-12-24 11:37:05.446515,678
679,"13 Corniche Road, Sharm El-Sheikh",In Transit,2024-11-17 05:37:05.446520,679
680,"40 Corniche Road, Giza",In Transit,2024-12-27 11:37:05.446526,680
681,"36 Corniche Road, Giza",Delivered,2024-11-30 18:37:05.446536,681
682,"14 Tahrir Street, Alexandria",In Transit,2024-12-18 18:37:05.446545,682
683,"10 Tahrir Street, Alexandria",Pending,,683
684,"25 Tahrir Street, Alexandria",Pending,,684
685,"32 Tahrir Street, Cairo",In Transit,2024-12-04 23:37:05.446569,685
686,"42 Corniche Road, Marsa Alam",Delivered,2024-11-10 09:37:05.446574,686
687,"6 Corniche Road, Alexandria",Delivered,2024-12-23 20:37:05.446580,687
688,"1 Tahrir Street, Sharm El-Sheikh",Pending,,688
689,"16 Corniche Road, Sharm El-Sheikh",In Transit,2024-12-23 15:37:05.446592,689
690,"35 Corniche Road, Marsa Alam",Pending,,690
691,"50 Corniche Road, Giza",Pending,,691
692,"41 Corniche Road, Marsa Alam",Pending,,692
693,"46 Tahrir Street, Cairo",Delivered,2024-11-05 20:37:05.446614,693
694,"32 Corniche Road, Sharm El-Sheikh",Pending,,694
695,"27 Tahrir Street, Cairo",In Transit,2024-11-28 02:37:05.446633,695
696,"47 Corniche Road, Marsa Alam",In Transit,2024-12-04 20:37:05.446641,696
697,"21 Corniche Road, Giza",In Transit,2024-12-30 14:37:05.446647,697
698,"49 Corniche Road, Giza",Delivered,2024-12-13 07:37:05.446653,698
699,"31 Tahrir Street, Alexandria",Delivered,2024-11-18 22:37:05.446659,699
700,"38 Corniche Road, Cairo",In Transit,2024-12-23 15:37:05.446665,700
701,"30 Corniche Road, Marsa Alam",In Transit,2024-11-05 23:37:05.446670,701
702,"4 Tahrir Street, Marsa Alam",In Transit,2024-12-09 06:37:05.446676,702
703,"32 Tahrir Street, Giza",Pending,,703
704,"25 Corniche Road, Giza",Delivered,2024-11-12 18:37:05.446688,704
705,"2 Tahrir Street, Marsa Alam",Pending,,705
706,"13 Tahrir Street, Cairo",Pending,,706
707,"26 Tahrir Street, Cairo",In Transit,2024-11-06 01:37:05.446715,707
708,"32 Tahrir Street, Sharm El-Sheikh",Pending,,708
709,"12 Corniche Road, Giza",In Transit,2024-11-07 02:37:05.446726,709
710,"24 Corniche Road, Alexandria",In Transit,2024-11-23 16:37:05.446732,710
711,"6 Tahrir Street, Cairo",Pending,,711
712,"24 Corniche Road, Hurghada",In Transit,2024-11-02 16:37:05.446743,712
713,"4 Corniche Road, Hurghada",Pending,,713
714,"40 Tahrir Street, Marsa Alam",Pending,,714
715,"32 Tahrir Street, Cairo",Pending,,715
716,"43 Corniche Road, Alexandria",Pending,,716
717,"49 Tahrir Street, Marsa Alam",Pending,,717
718,"40 Tahrir Street, Hurghada",In Transit,2024-12-15 12:37:05.446776,718
719,"22 Corniche Road, Cairo",Delivered,2024-11-20 14:37:05.446782,719
720,"40 Corniche Road, Marsa Alam",Delivered,2024-11-07 20:37:05.446787,720
721,"15 Corniche Road, Cairo",Pending,,721
722,"13 Corniche Road, Hurghada",In Transit,2024-12-12 11:37:05.446798,722
723,"27 Corniche Road, Hurghada",In Transit,2024-11-17 08:37:05.446803,723
724,"36 Corniche Road, Alexandria",In Transit,2024-11-01 15:37:05.446809,724
725,"4 Tahrir Street, Hurghada",In Transit,2024-11-30 11:37:05.446814,725
726,"3 Corniche Road, Alexandria",Delivered,2024-12-04 22:37:05.446820,726
727,"41 Tahrir Street, Hurghada",Pending,,727
728,"44 Corniche Road, Sharm El-Sheikh",Pending,,728
729,"29 Corniche Road, Alexandria",Delivered,2024-12-26 13:37:05.446838,729
730,"43 Tahrir Street, Hurghada",Pending,,730
731,"37 Tahrir Street, Marsa Alam",In Transit,2024-11-09 09:37:05.446850,731
732,"34 Corniche Road, Sharm El-Sheikh",In Transit,2024-11-29 07:37:05.446855,732
733,"25 Corniche Road, Marsa Alam",Delivered,2024-12-21 01:37:05.446861,733
734,"16 Tahrir Street, Cairo",Delivered,2024-11-30 00:37:05.446867,734
735,"43 Corniche Road, Giza",Delivered,2024-11-17 21:37:05.446873,735
736,"38 Tahrir Street, Alexandria",In Transit,2024-11-09 16:37:05.446881,736
737,"45 Tahrir Street, Alexandria",In Transit,2024-12-30 06:37:05.446887,737
738,"24 Tahrir Street, Cairo",Pending,,738
739,"18 Corniche Road, Alexandria",In Transit,2024-12-27 14:37:05.446898,739
740,"21 Tahrir Street, Cairo",Pending,,740
741,"17 Corniche Road, Alexandria",Pending,,741
742,"43 Tahrir Street, Hurghada",Pending,,742
743,"34 Corniche Road, Marsa Alam",Pending,,743
744,"12 Corniche Road, Alexandria",In Transit,2024-12-05 17:37:05.446927,744
745,"30 Tahrir Street, Alexandria",In Transit,2024-11-14 13:37:05.446932,745
746,"5 Corniche Road, Cairo",In Transit,2024-11-06 21:37:05.446938,746
747,"14 Corniche Road, Giza",Pending,,747
748,"18 Tahrir Street, Hurghada",Pending,,748
749,"34 Corniche Road, Giza",In Transit,2024-11-27 20:37:05.446956,749
750,"25 Corniche Road, Hurghada",In Transit,2024-12-09 06:37:05.446961,750
751,"10 Corniche Road, Hurghada",Pending,,751
752,"19 Corniche Road, Hurghada",Pending,,752
753,"29 Corniche Road, Hurghada",Delivered,2024-12-27 14:37:05.446978,753
754,"50 Corniche Road, Cairo",In Transit,2024-12-13 00:37:05.446984,754
755,"34 Corniche Road, Hurghada",Delivered,2024-12-25 16:37:05.446989,755
756,"25 Tahrir Street, Giza",Delivered,2024-12-17 01:37:05.446994,756
757,"38 Corniche Road, Hurghada",In Transit,2024-12-30 17:37:05.447002,757
758,"21 Corniche Road, Sharm El-Sheikh",Pending,,758
759,"36 Corniche Road, Alexandria",Pending,,759
760,"41 Tahrir Street, Marsa Alam",Delivered,2024-12-17 10:37:05.447028,760
761,"40 Corniche Road, Hurghada",In Transit,2024-12-11 09:37:05.447034,761
762,"31 Corniche Road, Cairo",In Transit,2024-12-15 15:37:05.447046,762
763,"35 Tahrir Street, Hurghada",In Transit,2024-11-06 14:37:05.447055,763
764,"16 Corniche Road, Alexandria",In Transit,2024-12-02 08:37:05.447061,764
765,"23 Corniche Road, Marsa Alam",In Transit,2024-12-12 10:37:05.447067,765
766,"34 Corniche Road, Cairo",Delivered,2024-12-19 00:37:05.447074,766
767,"43 Tahrir Street, Giza",Pending,,767
768,"5 Corniche Road, Giza",In Transit,2024-11-26 14:37:05.447093,768
769,"34 Tahrir Street, Hurghada",Pending,,769
770,"2 Tahrir Street, Sharm El-Sheikh",In Transit,2024-12-11 01:37:05.447105,770
771,"16 Corniche Road, Sharm El-Sheikh",Pending,,771
772,"49 Corniche Road, Sharm El-Sheikh",Delivered,2024-11-09 08:37:05.447116,772
773,"16 Tahrir Street, Alexandria",Pending,,773
774,"20 Corniche Road, Hurghada",Pending,,774
775,"1 Tahrir Street, Giza",Delivered,2024-12-18 14:37:05.447133,775
776,"33 Tahrir Street, Marsa Alam",Pending,,776
777,"5 Corniche Road, Giza",Delivered,2024-12-13 22:37:05.447218,777
778,"27 Tahrir Street, Alexandria",Delivered,2024-12-16 16:37:05.447225,778
779,"32 Tahrir Street, Alexandria",In Transit,2024-11-13 05:37:05.447230,779
780,"32 Tahrir Street, Marsa Alam",Pending,,780
781,"24 Tahrir Street, Alexandria",Delivered,2024-12-28 03:37:05.447242,781
782,"48 Corniche Road, Alexandria",In Transit,2024-12-21 16:37:05.447248,782
783,"6 Tahrir Street, Hurghada",In Transit,2024-12-17 15:37:05.447254,783
784,"39 Tahrir Street, Marsa Alam",Pending,,784
785,"26 Corniche Road, Giza",Delivered,2024-11-23 02:37:05.447265,785
786,"34 Tahrir Street, Cairo",Delivered,2024-11-03 14:37:05.447271,786
787,"44 Corniche Road, Alexandria",In Transit,2024-12-07 07:37:05.447276,787
788,"25 Tahrir Street, Giza",Pending,,788
789,"34 Corniche Road, Alexandria",In Transit,2024-12-08 02:37:05.447287,789
790,"14 Corniche Road, Hurghada",Delivered,2024-12-31 08:37:05.447293,790
791,"30 Corniche Road, Cairo",Delivered,2024-12-16 15:37:05.447299,791
792,"31 Corniche Road, Sharm El-Sheikh",Pending,,792
793,"5 Corniche Road, Hurghada",In Transit,2024-12-16 16:37:05.447311,793
794,"36 Corniche Road, Cairo",Delivered,2024-12-27 14:37:05.447316,794
795,"5 Corniche Road, Marsa Alam",Pending,,795
796,"39 Tahrir Street, Giza",Pending,,796
797,"35 Tahrir Street, Alexandria",Delivered,2024-12-16 10:37:05.447334,797
798,"26 Corniche Road, Hurghada",Delivered,2024-12-19 18:37:05.447340,798
799,"1 Tahrir Street, Alexandria",Delivered,2024-11-11 00:37:05.447346,799
800,"39 Tahrir Street, Sharm El-Sheikh",Pending,,800
801,"9 Corniche Road, Sharm El-Sheikh",Pending,,801
802,"42 Tahrir Street, Marsa Alam",Pending,,802
803,"40 Tahrir Street, Sharm El-Sheikh",Pending,,803
804,"19 Corniche Road, Marsa Alam",Pending,,804
805,"22 Tahrir Street, Giza",Delivered,2024-11-19 23:37:05.447383,805
806,"37 Tahrir Street, Marsa Alam",Pending,,806
807,"24 Corniche Road, Alexandria",Pending,,807
808,"33 Corniche Road, Sharm El-Sheikh",In Transit,2024-12-27 15:37:05.447403,808
809,"26 Corniche Road, Cairo",In Transit,2024-12-10 11:37:05.447413,809
810,"8 Tahrir Street, Alexandria",Pending,,810
811,"40 Tahrir Street, Sharm El-Sheikh",In Transit,2024-11-19 05:37:05.447434,811
812,"26 Tahrir Street, Marsa Alam",In Transit,2024-12-12 12:37:05.447440,812
813,"4 Corniche Road, Hurghada",Delivered,2024-11-09 09:37:05.447446,813
814,"23 Tahrir Street, Giza",In Transit,2024-11-07 18:37:05.447451,814
815,"48 Corniche Road, Giza",In Transit,2024-11-24 06:37:05.447457,815
816,"30 Tahrir Street, Giza",In Transit,2024-11-06 10:37:05.447462,816
817,"35 Corniche Road, Sharm El-Sheikh",Delivered,2024-11-14 11:37:05.447468,817
818,"23 Tahrir Street, Sharm El-Sheikh",Delivered,2024-12-08 08:37:05.447473,818
819,"32 Corniche Road, Alexandria",Pending,,819
820,"5 Tahrir Street, Giza",Delivered,2024-12-15 20:37:05.447485,820
821,"4 Tahrir Street, Cairo",Delivered,2024-11-15 12:37:05.447491,821
822,"46 Tahrir Street, Sharm El-Sheikh",Pending,,822
823,"30 Corniche Road, Marsa Alam",In Transit,2024-11-28 16:37:05.447502,823
824,"26 Tahrir Street, Marsa Alam",Delivered,2024-12-18 04:37:05.447509,824
825,"37 Corniche Road, Cairo",Delivered,2024-12-27 15:37:05.447514,825
826,"41 Tahrir Street, Alexandria",Pending,,826
827,"33 Corniche Road, Hurghada",Delivered,2024-11-24 01:37:05.447526,827
828,"28 Corniche Road, Alexandria",Delivered,2024-11-26 06:37:05.447532,828
829,"8 Tahrir Street, Cairo",Pending,,829
830,"15 Tahrir Street, Giza",In Transit,2024-12-21 16:37:05.447545,830
831,"12 Corniche Road, Giza",In Transit,2024-12-03 10:37:05.447551,831
832,"22 Tahrir Street, Hurghada",Delivered,2024-12-11 03:37:05.447558,832
833,"24 Tahrir Street, Giza",Delivered,2024-11-18 05:37:05.447564,833
834,"16 Tahrir Street, Alexandria",In Transit,2024-12-23 20:37:05.447570,834
835,"34 Tahrir Street, Cairo",In Transit,2024-11-16 07:37:05.447576,835
836,"50 Tahrir Street, Sharm El-Sheikh",Delivered,2024-12-09 19:37:05.447581,836
837,"35 Tahrir Street, Sharm El-Sheikh",Pending,,837
838,"47 Corniche Road, Cairo",Delivered,2024-12-13 22:37:05.447594,838
839,"22 Tahrir Street, Sharm El-Sheikh",Delivered,2024-11-05 08:37:05.447600,839
840,"32 Corniche Road, Alexandria",Pending,,840
841,"30 Tahrir Street, Cairo",In Transit,2024-12-23 16:37:05.447618,841
842,"36 Tahrir Street, Giza",Pending,,842
843,"27 Tahrir Street, Hurghada",In Transit,2024-12-03 16:37:05.447638,843
844,"30 Corniche Road, Cairo",In Transit,2024-11-22 03:37:05.447644,844
845,"26 Tahrir Street, Giza",In Transit,2024-12-30 12:37:05.447649,845
846,"2 Tahrir Street, Sharm El-Sheikh",In Transit,2024-12-31 04:37:05.447655,846
847,"28 Tahrir Street, Marsa Alam",Pending,,847
848,"25 Tahrir Street, Giza",In Transit,2024-12-03 16:37:05.447668,848
849,"32 Corniche Road, Hurghada",In Transit,2024-11-10 07:37:05.447673,849
850,"49 Tahrir Street, Marsa Alam",Delivered,2024-11-20 06:37:05.447681,850
851,"49 Corniche Road, Hurghada",Delivered,2024-12-24 15:37:05.447691,851
852,"43 Corniche Road, Alexandria",In Transit,2024-12-28 01:37:05.447702,852
853,"30 Corniche Road, Giza",Pending,,853
854,"16 Corniche Road, Giza",Pending,,854
855,"39 Corniche Road, Marsa Alam",Pending,,855
856,"16 Tahrir Street, Marsa Alam",Pending,,856
857,"1 Corniche Road, Sharm El-Sheikh",Pending,,857
858,"6 Corniche Road, Hurghada",In Transit,2024-12-08 13:37:05.447742,858
859,"29 Tahrir Street, Marsa Alam",Delivered,2024-12-12 13:37:05.447747,859
860,"11 Corniche Road, Sharm El-Sheikh",In Transit,2024-11-12 12:37:05.447753,860
861,"2 Corniche Road, Sharm El-Sheikh",Delivered,2024-12-14 02:37:05.447759,861
862,"3 Corniche Road, Giza",In Transit,2024-12-29 18:37:05.447773,862
863,"13 Tahrir Street, Marsa Alam",Pending,,863
864,"8 Corniche Road, Sharm El-Sheikh",In Transit,2024-12-20 21:37:05.447794,864
865,"12 Tahrir Street, Alexandria",Pending,,865
866,"47 Corniche Road, Sharm El-Sheikh",Delivered,2024-11-07 18:37:05.447806,866
867,"34 Corniche Road, Giza",In Transit,2024-11-20 07:37:05.447811,867
868,"40 Corniche Road, Giza",In Transit,2024-12-01 12:37:05.447817,868
869,"7 Tahrir Street, Giza",Pending,,869
870,"15 Tahrir Street, Alexandria",In Transit,2024-11-26 19:37:05.447833,870
871,"18 Corniche Road, Marsa Alam",Pending,,871
872,"19 Tahrir Street, Sharm El-Sheikh",Pending,,872
873,"48 Corniche Road, Sharm El-Sheikh",In Transit,2024-11-26 07:37:05.447856,873
874,"24 Corniche Road, Alexandria",In Transit,2024-12-31 18:37:05.447862,874
875,"13 Tahrir Street, Giza",Pending,,875
876,"38 Tahrir Street, Hurghada",Pending,,876
877,"30 Corniche Road, Alexandria",Delivered,2024-12-25 11:37:05.447879,877
878,"23 Tahrir Street, Giza",In Transit,2024-12-29 02:37:05.447885,878
879,"13 Tahrir Street, Alexandria",In Transit,2024-12-08 01:37:05.447891,879
880,"26 Corniche Road, Cairo",Pending,,880
881,"1 Corniche Road, Giza",Pending,,881
882,"4 Corniche Road, Sharm El-Sheikh",Pending,,882
883,"27 Corniche Road, Alexandria",Pending,,883
884,"24 Tahrir Street, Marsa Alam",Pending,,884
885,"33 Corniche Road, Marsa Alam",Delivered,2024-12-14 18:37:05.447939,885
886,"11 Corniche Road, Marsa Alam",Pending,,886
887,"13 Corniche Road, Giza",Delivered,2024-12-19 22:37:05.447951,887
888,"50 Corniche Road, Cairo",In Transit,2024-11-21 02:37:05.447957,888
889,"9 Corniche Road, Alexandria",Pending,,889
890,"14 Tahrir Street, Sharm El-Sheikh",Pending,,890
891,"35 Corniche Road, Cairo",Delivered,2024-11-07 08:37:05.447974,891
892,"20 Corniche Road, Giza",Delivered,2024-12-10 12:37:05.447979,892
893,"26 Tahrir Street, Sharm El-Sheikh",In Transit,2024-12-15 14:37:05.447985,893
894,"27 Corniche Road, Hurghada",Delivered,2024-12-30 13:37:05.447991,894
895,"1 Tahrir Street, Marsa Alam",In Transit,2024-11-13 22:37:05.448002,895
896,"19 Corniche Road, Sharm El-Sheikh",In Transit,2024-12-15 17:37:05.448012,896
897,"46 Corniche Road, Cairo",Pending,,897
898,"8 Tahrir Street, Cairo",In Transit,2024-12-04 10:37:05.448024,898
899,"46 Tahrir Street, Cairo",Pending,,899
900,"14 Tahrir Street, Cairo",In Transit,2024-12-29 08:37:05.448034,900
901,"28 Corniche Road, Giza",In Transit,2024-12-15 02:37:05.448040,901
902,"9 Corniche Road, Giza",Delivered,2024-11-13 21:37:05.448045,902
903,"19 Corniche Road, Marsa Alam",In Transit,2024-11-04 23:37:05.448051,903
904,"4 Corniche Road, Sharm El-Sheikh",Pending,,904
905,"16 Corniche Road, Sharm El-Sheikh",In Transit,2024-11-30 09:37:05.448062,905
906,"17 Tahrir Street, Marsa Alam",In Transit,2024-11-17 22:37:05.448069,906
907,"2 Corniche Road, Hurghada",In Transit,2024-12-13 15:37:05.448081,907
908,"21 Tahrir Street, Alexandria",Delivered,2024-12-18 10:37:05.448090,908
909,"4 Corniche Road, Giza",Pending,,909
910,"2 Corniche Road, Marsa Alam",Pending,,910
911,"3 Tahrir Street, Marsa Alam",Delivered,2024-12-15 15:37:05.448119,911
912,"19 Tahrir Street, Marsa Alam",In Transit,2024-11-03 15:37:05.448128,912
913,"20 Corniche Road, Marsa Alam",Pending,,913
914,"32 Corniche Road, Giza",In Transit,2024-12-28 04:37:05.448145,914
915,"26 Tahrir Street, Hurghada",Delivered,2024-11-16 18:37:05.448155,915
916,"9 Corniche Road, Giza",Pending,,916
917,"17 Corniche Road, Marsa Alam",Delivered,2024-11-26 21:37:05.448173,917
918,"37 Tahrir Street, Hurghada",Delivered,2024-11-15 13:37:05.448178,918
919,"41 Corniche Road, Hurghada",Pending,,919
920,"34 Tahrir Street, Hurghada",In Transit,2024-12-09 16:37:05.448190,920
921,"24 Tahrir Street, Giza",Pending,,921
922,"38 Corniche Road, Giza",In Transit,2024-12-31 01:37:05.448201,922
923,"40 Tahrir Street, Cairo",Pending,,923
924,"31 Corniche Road, Marsa Alam",In Transit,2024-11-12 03:37:05.448212,924
925,"21 Tahrir Street, Sharm El-Sheikh",Delivered,2024-11-13 15:37:05.448217,925
926,"3 Tahrir Street, Alexandria",Delivered,2024-12-09 03:37:05.448223,926
927,"44 Corniche Road, Cairo",Pending,,927
928,"6 Tahrir Street, Cairo",Delivered,2024-11-23 23:37:05.448236,928
929,"45 Corniche Road, Sharm El-Sheikh",Delivered,2024-11-13 14:37:05.448241,929
930,"16 Tahrir Street, Alexandria",In Transit,2024-12-29 08:37:05.448247,930
931,"16 Corniche Road, Hurghada",Pending,,931
932,"47 Corniche Road, Alexandria",Pending,,932
933,"25 Tahrir Street, Alexandria",Delivered,2024-11-17 05:37:05.448265,933
934,"41 Tahrir Street, Sharm El-Sheikh",Pending,,934
935,"42 Corniche Road, Sharm El-Sheikh",Delivered,2024-11-11 15:37:05.448276,935
936,"11 Tahrir Street, Cairo",Delivered,2024-11-18 21:37:05.448281,936
937,"34 Tahrir Street, Giza",In Transit,2024-12-01 22:37:05.448287,937
938,"21 Tahrir Street, Hurghada",In Transit,2024-12-16 15:37:05.448292,938
939,"17 Tahrir Street, Hurghada",In Transit,2024-12-29 14:37:05.448297,939
940,"18 Tahrir Street, Hurghada",Pending,,940
941,"48 Corniche Road, Marsa Alam",Delivered,2024-11-18 11:37:05.448309,941
942,"19 Tahrir Street, Giza",Pending,,942
943,"41 Corniche Road, Giza",In Transit,2024-11-21 17:37:05.448320,943
944,"14 Corniche Road, Hurghada",Delivered,2024-12-04 12:37:05.448325,944
945,"38 Tahrir Street, Alexandria",Pending,,945
946,"32 Tahrir Street, Cairo",In Transit,2024-12-14 05:37:05.448336,946
947,"11 Corniche Road, Cairo",Delivered,2024-12-13 07:37:05.448342,947
948,"28 Corniche Road, Alexandria",In Transit,2024-12-06 20:37:05.448347,948
949,"4 Tahrir Street, Alexandria",Delivered,2024-11-18 18:37:05.448353,949
950,"10 Tahrir Street, Alexandria",Delivered,2024-12-05 15:37:05.448359,950
951,"8 Corniche Road, Giza",Pending,,951
952,"41 Tahrir Street, Hurghada",Delivered,2024-12-21 12:37:05.448371,952
953,"19 Tahrir Street, Giza",Delivered,2024-12-27 22:37:05.448376,953
954,"16 Corniche Road, Hurghada",Delivered,2024-11-29 02:37:05.448382,954
955,"49 Corniche Road, Alexandria",Delivered,2024-11-22 14:37:05.448387,955
956,"25 Corniche Road, Hurghada",Pending,,956
957,"18 Corniche Road, Sharm El-Sheikh",In Transit,2024-12-03 09:37:05.448398,957
958,"28 Corniche Road, Sharm El-Sheikh",In Transit,2024-11-22 04:37:05.448404,958
959,"45 Corniche Road, Marsa Alam",Delivered,2024-11-16 14:37:05.448410,959
960,"34 Corniche Road, Cairo",In Transit,2024-12-18 08:37:05.448416,960
961,"10 Corniche Road, Sharm El-Sheikh",Delivered,2024-12-27 16:37:05.448423,961
962,"23 Corniche Road, Hurghada",Pending,,962
963,"18 Corniche Road, Marsa Alam",In Transit,2024-11-02 14:37:05.448434,963
964,"43 Corniche Road, Marsa Alam",Delivered,2024-11-15 17:37:05.448440,964
965,"45 Corniche Road, Sharm El-Sheikh",Pending,,965
966,"33 Corniche Road, Marsa Alam",Delivered,2024-11-26 08:37:05.448453,966
967,"5 Corniche Road, Marsa Alam",In Transit,2025-01-01 12:37:05.448459,967
968,"7 Tahrir Street, Cairo",Delivered,2024-11-23 14:37:05.448465,968
969,"26 Corniche Road, Sharm El-Sheikh",In Transit,2024-12-02 16:37:05.448470,969
970,"1 Corniche Road, Cairo",In Transit,2024-12-24 04:37:05.448478,970
971,"31 Tahrir Street, Cairo",Delivered,2024-12-20 18:37:05.448487,971
972,"47 Corniche Road, Sharm El-Sheikh",In Transit,2024-12-14 07:37:05.448508,972
973,"10 Tahrir Street, Marsa Alam",Pending,,973
974,"29 Tahrir Street, Alexandria",Pending,,974
975,"44 Tahrir Street, Giza",In Transit,2024-12-09 01:37:05.448530,975
976,"29 Tahrir Street, Sharm El-Sheikh",Pending,,976
977,"49 Tahrir Street, Hurghada",Pending,,977
978,"13 Tahrir Street, Giza",Delivered,2024-11-21 13:37:05.448547,978
979,"10 Corniche Road, Cairo",Pending,,979
980,"45 Corniche Road, Giza",In Transit,2024-12-25 10:37:05.448559,980
981,"20 Tahrir Street, Hurghada",Pending,,981
982,"39 Tahrir Street, Giza",Delivered,2024-11-29 12:37:05.448571,982
983,"29 Corniche Road, Cairo",In Transit,2024-12-27 11:37:05.448576,983
984,"33 Corniche Road, Sharm El-Sheikh",In Transit,2024-12-12 18:37:05.448582,984
985,"26 Corniche Road, Sharm El-Sheikh",Pending,,985
986,"48 Tahrir Street, Cairo",Pending,,986
987,"1 Tahrir Street, Marsa Alam",Pending,,987
988,"34 Tahrir Street, Giza",In Transit,2024-12-21 14:37:05.448604,988
989,"34 Tahrir Street, Alexandria",Pending,,989
990,"24 Corniche Road, Sharm El-Sheikh",Delivered,2024-11-08 09:37:05.448616,990
991,"42 Tahrir Street, Hurghada",In Transit,2024-11-04 09:37:05.448622,991
992,"41 Corniche Road, Hurghada",Delivered,2024-11-21 11:37:05.448628,992
993,"1 Corniche Road, Marsa Alam",Pending,,993
994,"46 Tahrir Street, Sharm El-Sheikh",Delivered,2024-11-18 08:37:05.448640,994
995,"1 Corniche Road, Cairo",Pending,,995
996,"4 Corniche Road, Sharm El-Sheikh",Pending,,996
997,"2 Tahrir Street, Alexandria",Delivered,2024-12-21 09:37:05.448657,997
998,"1 Corniche Road, Giza",In Transit,2024-11-11 12:37:05.448662,998
999,"34 Corniche Road, Alexandria",Delivered,2024-11-14 23:37:05.448667,999
1000,"12 Tahrir Street, Hurghada",Pending,,1000
1001,"35 Tahrir Street, Marsa Alam",Delivered,2024-12-09 18:37:05.448682,1001
1002,"49 Corniche Road, Sharm El-Sheikh",In Transit,2024-12-09 18:37:05.448692,1002
1003,"34 Tahrir Street, Sharm El-Sheikh",In Transit,2024-12-26 15:37:05.448702,1003
1004,"24 Corniche Road, Sharm El-Sheikh",In Transit,2024-11-20 01:37:05.448711,1004
1005,"40 Tahrir Street, Cairo",Pending,,1005
1006,"18 Tahrir Street, Marsa Alam",In Transit,2024-12-02 13:37:05.448722,1006
1007,"37 Tahrir Street, Hurghada",Pending,,1007
1008,"17 Tahrir Street, Hurghada",Delivered,2024-12-10 22:37:05.448733,1008
1009,"22 Corniche Road, Marsa Alam",Pending,,1009
1010,"42 Corniche Road, Giza",In Transit,2024-12-07 17:37:05.448745,1010
1011,"7 Tahrir Street, Hurghada",Delivered,2024-11-02 07:37:05.448750,1011
1012,"6 Tahrir Street, Sharm El-Sheikh",Pending,,1012
1013,"42 Tahrir Street, Sharm El-Sheikh",In Transit,2024-11-13 20:37:05.448761,1013
1014,"34 Corniche Road, Hurghada",Delivered,2024-12-31 09:37:05.448766,1014
1015,"46 Tahrir Street, Alexandria",Delivered,2024-12-21 23:37:05.448773,1015
1016,"30 Corniche Road, Giza",Pending,,1016
1017,"41 Corniche Road, Sharm El-Sheikh",Delivered,2024-12-03 10:37:05.448785,1017
1018,"41 Corniche Road, Cairo",In Transit,2024-11-13 10:37:05.448791,1018
1019,"27 Tahrir Street, Sharm El-Sheikh",In Transit,2024-11-20 11:37:05.448796,1019
1020,"15 Corniche Road, Hurghada",Pending,,1020
1021,"5 Tahrir Street, Alexandria",Pending,,1021
1022,"15 Corniche Road, Cairo",Delivered,2024-11-15 08:37:05.448815,1022
1023,"7 Corniche Road, Sharm El-Sheikh",Delivered,2024-12-23 08:37:05.448821,1023
1024,"32 Tahrir Street, Cairo",Pending,,1024
1025,"43 Corniche Road, Cairo",Delivered,2024-11-13 13:37:05.448834,1025
1026,"23 Tahrir Street, Hurghada",Pending,,1026
1027,"21 Tahrir Street, Sharm El-Sheikh",Pending,,1027
1028,"35 Tahrir Street, Marsa Alam",Pending,,1028
1029,"12 Corniche Road, Marsa Alam",Pending,,1029
1030,"5 Corniche Road, Marsa Alam",Delivered,2024-12-26 08:37:05.448862,1030
1031,"37 Corniche Road, Sharm El-Sheikh",Delivered,2024-11-16 21:37:05.448867,1031
1032,"9 Corniche Road, Marsa Alam",Delivered,2024-12-05 22:37:05.448873,1032
1033,"14 Corniche Road, Hurghada",In Transit,2024-12-23 21:37:05.448879,1033
1034,"34 Corniche Road, Sharm El-Sheikh",In Transit,2024-12-19 00:37:05.448885,1034
1035,"31 Corniche Road, Alexandria",Pending,,1035
1036,"41 Corniche Road, Alexandria",Delivered,2024-12-03 07:37:05.448897,1036
1037,"27 Corniche Road, Alexandria",Delivered,2024-11-13 04:37:05.448902,1037
1038,"8 Corniche Road, Marsa Alam",Pending,,1038
1039,"14 Tahrir Street, Marsa Alam",In Transit,2024-11-08 17:37:05.448915,1039
1040,"27 Tahrir Street, Cairo",Pending,,1040
1041,"43 Corniche Road, Sharm El-Sheikh",In Transit,2024-11-13 10:37:05.448925,1041
1042,"49 Tahrir Street, Marsa Alam",Delivered,2024-12-08 03:37:05.448931,1042
1043,"16 Tahrir Street, Sharm El-Sheikh",Pending,,1043
1044,"18 Corniche Road, Giza",Pending,,1044
1045,"12 Tahrir Street, Cairo",Delivered,2024-12-29 07:37:05.448949,1045
1046,"11 Corniche Road, Sharm El-Sheikh",Delivered,2024-12-11 16:37:05.448954,1046
1047,"44 Tahrir Street, Alexandria",In Transit,2024-12-22 03:37:05.448959,1047
1048,"26 Tahrir Street, Cairo",In Transit,2024-12-01 12:37:05.448966,1048
1049,"49 Tahrir Street, Giza",Delivered,2024-12-24 13:37:05.448971,1049
1050,"23 Corniche Road, Giza",In Transit,2024-11-20 02:37:05.448977,1050
1051,"28 Tahrir Street, Cairo",Delivered,2024-11-19 03:37:05.448982,1051
1052,"36 Tahrir Street, Sharm El-Sheikh",Delivered,2024-11-29 20:37:05.448988,1052
1053,"20 Tahrir Street, Cairo",Delivered,2024-11-03 08:37:05.448993,1053
1054,"46 Corniche Road, Alexandria",In Transit,2024-11-16 02:37:05.448999,1054
1055,"36 Corniche Road, Cairo",Pending,,1055
1056,"29 Corniche Road, Marsa Alam",Delivered,2025-01-01 14:37:05.449011,1056
1057,"19 Tahrir Street, Giza",Pending,,1057
1058,"11 Tahrir Street, Hurghada",In Transit,2024-12-03 14:37:05.449022,1058
1059,"15 Tahrir Street, Giza",Delivered,2024-12-29 09:37:05.449028,1059
1060,"9 Corniche Road, Marsa Alam",Pending,,1060
1061,"26 Corniche Road, Alexandria",In Transit,2024-12-01 06:37:05.449040,1061
1062,"34 Tahrir Street, Hurghada",Pending,,1062
1063,"40 Tahrir Street, Giza",Pending,,1063
1064,"47 Corniche Road, Hurghada",Pending,,1064
1065,"22 Corniche Road, Sharm El-Sheikh",In Transit,2024-12-12 23:37:05.449063,1065
1066,"9 Tahrir Street, Cairo",Delivered,2024-12-19 13:37:05.449069,1066
1067,"16 Corniche Road, Sharm El-Sheikh",Pending,,1067
1068,"7 Corniche Road, Hurghada",Pending,,1068
1069,"31 Corniche Road, Cairo",Delivered,2024-12-23 02:37:05.449088,1069
1070,"45 Tahrir Street, Giza",Pending,,1070
1071,"21 Tahrir Street, Marsa Alam",In Transit,2024-12-01 18:37:05.449099,1071
1072,"18 Corniche Road, Cairo",Delivered,2024-12-25 15:37:05.449104,1072
1073,"37 Corniche Road, Alexandria",Pending,,1073
1074,"41 Tahrir Street, Sharm El-Sheikh",Pending,,1074
1075,"11 Tahrir Street, Giza",Pending,,1075
1076,"32 Corniche Road, Cairo",Delivered,2024-12-25 21:37:05.449129,1076
1077,"46 Corniche Road, Cairo",Delivered,2024-11-22 21:37:05.449138,1077
1078,"38 Tahrir Street, Marsa Alam",Delivered,2024-11-14 10:37:05.449148,1078
1079,"25 Corniche Road, Giza",Pending,,1079
1080,"24 Tahrir Street, Alexandria",Pending,,1080
1081,"48 Corniche Road, Hurghada",Delivered,2024-11-24 17:37:05.449166,1081
1082,"28 Tahrir Street, Marsa Alam",In Transit,2025-01-01 01:37:05.449173,1082
1083,"43 Corniche Road, Alexandria",Pending,,1083
1084,"3 Tahrir Street, Sharm El-Sheikh",Delivered,2024-11-22 12:37:05.449184,1084
1085,"7 Tahrir Street, Giza",In Transit,2024-11-19 07:37:05.449190,1085
1086,"49 Tahrir Street, Giza",Delivered,2024-12-14 15:37:05.449196,1086
1087,"36 Tahrir Street, Giza",Delivered,2024-11-21 06:37:05.449201,1087
1088,"6 Corniche Road, Hurghada",Pending,,1088
1089,"15 Tahrir Street, Sharm El-Sheikh",Pending,,1089
1090,"14 Tahrir Street, Alexandria",Pending,,1090
1091,"43 Corniche Road, Cairo",In Transit,2024-11-27 17:37:05.449230,1091
1092,"29 Tahrir Street, Sharm El-Sheikh",In Transit,2024-11-04 15:37:05.449240,1092
1093,"29 Tahrir Street, Alexandria",Delivered,2024-11-28 08:37:05.449246,1093
1094,"21 Corniche Road, Alexandria",Delivered,2024-12-14 21:37:05.449252,1094
1095,"48 Corniche Road, Sharm El-Sheikh",In Transit,2024-12-02 07:37:05.449258,1095
1096,"15 Tahrir Street, Hurghada",Delivered,2024-11-25 14:37:05.449264,1096
1097,"18 Corniche Road, Alexandria",Delivered,2024-12-14 00:37:05.449270,1097
1098,"28 Corniche Road, Giza",Pending,,1098
1099,"9 Corniche Road, Giza",Delivered,2024-11-24 23:37:05.449282,1099
1100,"42 Corniche Road, Alexandria",Delivered,2024-11-09 12:37:05.449287,1100
1101,"10 Corniche Road, Sharm El-Sheikh",Delivered,2024-11-10 00:37:05.449293,1101
1102,"20 Corniche Road, Hurghada",Pending,,1102
1103,"4 Tahrir Street, Alexandria",In Transit,2024-11-20 14:37:05.449304,1103
1104,"26 Corniche Road, Sharm El-Sheikh",In Transit,2024-12-18 00:37:05.449310,1104
1105,"6 Tahrir Street, Marsa Alam",Delivered,2024-12-22 00:37:05.449315,1105
1106,"50 Corniche Road, Hurghada",Pending,,1106
1107,"35 Tahrir Street, Sharm El-Sheikh",Delivered,2024-12-17 14:37:05.449327,1107
1108,"35 Corniche Road, Giza",Pending,,1108
1109,"13 Corniche Road, Marsa Alam",Pending,,1109
1110,"50 Corniche Road, Marsa Alam",Delivered,2024-11-17 17:37:05.449344,1110
1111,"32 Corniche Road, Giza",Pending,,1111
1112,"30 Corniche Road, Sharm El-Sheikh",Delivered,2024-11-15 18:37:05.449354,1112
1113,"19 Tahrir Street, Sharm El-Sheikh",Delivered,2024-12-18 12:37:05.449360,1113
1114,"36 Corniche Road, Hurghada",Delivered,2024-12-24 17:37:05.449366,1114
1115,"34 Corniche Road, Sharm El-Sheikh",Delivered,2024-12-06 08:37:05.449372,1115
1116,"43 Tahrir Street, Marsa Alam",Delivered,2024-11-29 07:37:05.449377,1116
1117,"22 Tahrir Street, Giza",In Transit,2024-11-03 12:37:05.449383,1117
1118,"29 Tahrir Street, Hurghada",Pending,,1118
1119,"30 Tahrir Street, Cairo",In Transit,2024-12-20 02:37:05.449394,1119
1120,"1 Corniche Road, Marsa Alam",Delivered,2024-12-12 23:37:05.449401,1120
1121,"23 Corniche Road, Marsa Alam",Pending,,1121
1122,"35 Corniche Road, Sharm El-Sheikh",Delivered,2024-11-14 01:37:05.449412,1122
1123,"45 Corniche Road, Marsa Alam",Pending,,1123
1124,"38 Tahrir Street, Alexandria",Pending,,1124
1125,"40 Corniche Road, Sharm El-Sheikh",Delivered,2024-12-17 22:37:05.449429,1125
1126,"9 Tahrir Street, Marsa Alam",Pending,,1126
1127,"9 Corniche Road, Giza",In Transit,2024-12-18 08:37:05.449441,1127
1128,"31 Tahrir Street, Hurghada",In Transit,2024-12-17 23:37:05.449446,1128
1129,"45 Tahrir Street, Giza",In Transit,2024-12-14 04:37:05.449452,1129
1130,"27 Corniche Road, Marsa Alam",In Transit,2024-11-17 02:37:05.449458,1130
1131,"38 Corniche Road, Sharm El-Sheikh",Delivered,2024-12-05 19:37:05.449463,1131
1132,"40 Corniche Road, Cairo",In Transit,2024-12-30 06:37:05.449469,1132
1133,"5 Tahrir Street, Sharm El-Sheikh",In Transit,2024-12-19 18:37:05.449474,1133
1134,"19 Corniche Road, Hurghada",Pending,,1134
1135,"22 Corniche Road, Marsa Alam",Delivered,2024-11-03 16:37:05.449486,1135
1136,"44 Tahrir Street, Cairo",Delivered,2024-12-08 19:37:05.449491,1136
1137,"28 Tahrir Street, Alexandria",Delivered,2024-12-07 00:37:05.449497,1137
1138,"39 Corniche Road, Hurghada",Delivered,2024-12-05 14:37:05.449502,1138
1139,"21 Tahrir Street, Marsa Alam",In Transit,2024-12-02 01:37:05.449508,1139
1140,"14 Tahrir Street, Marsa Alam",In Transit,2024-11-03 18:37:05.449514,1140
1141,"3 Tahrir Street, Cairo",In Transit,2024-11-20 20:37:05.449520,1141
1142,"50 Tahrir Street, Giza",Delivered,2024-11-13 16:37:05.449526,1142
1143,"43 Corniche Road, Hurghada",Delivered,2024-11-21 06:37:05.449531,1143
1144,"3 Tahrir Street, Cairo",In Transit,2024-12-09 07:37:05.449537,1144
1145,"16 Tahrir Street, Hurghada",Pending,,1145
1146,"30 Corniche Road, Cairo",Pending,,1146
1147,"11 Corniche Road, Sharm El-Sheikh",Delivered,2024-11-02 15:37:05.449568,1147
1148,"23 Corniche Road, Marsa Alam",Delivered,2024-12-24 20:37:05.449576,1148
1149,"23 Tahrir Street, Marsa Alam",Pending,,1149
1150,"49 Corniche Road, Marsa Alam",Delivered,2024-11-06 07:37:05.449596,1150
1151,"41 Tahrir Street, Alexandria",In Transit,2024-11-19 12:37:05.449605,1151
1152,"33 Corniche Road, Sharm El-Sheikh",Pending,,1152
1153,"27 Tahrir Street, Giza",Delivered,2024-11-09 00:37:05.449626,1153
1154,"13 Corniche Road, Sharm El-Sheikh",In Transit,2024-12-27 09:37:05.449631,1154
1155,"4 Corniche Road, Alexandria",Pending,,1155
1156,"31 Tahrir Street, Hurghada",Delivered,2024-12-19 07:37:05.449643,1156
1157,"43 Corniche Road, Sharm El-Sheikh",Pending,,1157
1158,"20 Corniche Road, Hurghada",Pending,,1158
1159,"26 Corniche Road, Hurghada",Delivered,2024-12-15 05:37:05.449671,1159
1160,"6 Corniche Road, Hurghada",Pending,,1160
1161,"43 Tahrir Street, Cairo",Pending,,1161
1162,"15 Corniche Road, Sharm El-Sheikh",In Transit,2024-12-04 12:37:05.449688,1162
1163,"46 Corniche Road, Hurghada",Pending,,1163
1164,"13 Corniche Road, Giza",Delivered,2024-12-18 03:37:05.449698,1164
1165,"15 Tahrir Street, Hurghada",In Transit,2024-11-08 15:37:05.449704,1165
1166,"33 Corniche Road, Cairo",Delivered,2024-11-21 13:37:05.449710,1166
1167,"2 Corniche Road, Alexandria",Delivered,2024-11-04 14:37:05.449716,1167
1168,"16 Corniche Road, Cairo",Delivered,2024-12-25 09:37:05.449722,1168
1169,"21 Tahrir Street, Sharm El-Sheikh",Delivered,2024-12-23 21:37:05.449727,1169
1170,"48 Tahrir Street, Alexandria",In Transit,2024-12-20 21:37:05.449733,1170
1171,"2 Tahrir Street, Giza",In Transit,2024-11-28 11:37:05.449740,1171
1172,"9 Tahrir Street, Cairo",In Transit,2024-12-18 17:37:05.449745,1172
1173,"35 Tahrir Street, Marsa Alam",In Transit,2024-12-04 20:37:05.449751,1173
1174,"21 Corniche Road, Giza",Pending,,1174
1175,"27 Corniche Road, Marsa Alam",Pending,,1175
1176,"44 Corniche Road, Sharm El-Sheikh",In Transit,2024-11-14 13:37:05.449782,1176
1177,"40 Tahrir Street, Hurghada",Delivered,2024-11-05 19:37:05.449788,1177
1178,"1 Corniche Road, Alexandria",Delivered,2024-11-10 01:37:05.449793,1178
1179,"30 Tahrir Street, Cairo",In Transit,2024-11-19 16:37:05.449799,1179
1180,"1 Tahrir Street, Alexandria",Pending,,1180
1181,"22 Corniche Road, Cairo",In Transit,2024-12-29 16:37:05.449811,1181
1182,"29 Tahrir Street, Alexandria",Delivered,2024-11-26 19:37:05.449816,1182
1183,"34 Tahrir Street, Marsa Alam",Pending,,1183
1184,"34 Tahrir Street, Cairo",Delivered,2024-12-08 05:37:05.449828,1184
1185,"10 Corniche Road, Marsa Alam",Delivered,2024-12-04 18:37:05.449834,1185
1186,"45 Corniche Road, Hurghada",In Transit,2024-12-25 02:37:05.449840,1186
1187,"17 Corniche Road, Alexandria",Delivered,2024-11-15 16:37:05.449846,1187
1188,"27 Tahrir Street, Hurghada",In Transit,2024-12-31 04:37:05.449852,1188
1189,"14 Corniche Road, Sharm El-Sheikh",In Transit,2024-12-06 17:37:05.449858,1189
1190,"28 Tahrir Street, Alexandria",Pending,,1190
1191,"25 Corniche Road, Giza",Pending,,1191
1192,"28 Corniche Road, Giza",In Transit,2024-11-03 21:37:05.449875,1192
1193,"3 Tahrir Street, Marsa Alam",Pending,,1193
1194,"38 Tahrir Street, Giza",Delivered,2024-11-11 11:37:05.449886,1194
1195,"13 Tahrir Street, Giza",Delivered,2024-12-07 19:37:05.449892,1195
1196,"41 Corniche Road, Marsa Alam",Pending,,1196
1197,"27 Tahrir Street, Giza",In Transit,2024-11-23 10:37:05.449902,1197
1198,"18 Corniche Road, Marsa Alam",Delivered,2024-11-30 17:37:05.449909,1198
1199,"10 Corniche Road, Giza",In Transit,2024-12-22 04:37:05.449915,1199
1200,"31 Tahrir Street, Cairo",Pending,,1200
1201,"18 Corniche Road, Cairo",Pending,,1201
1202,"10 Tahrir Street, Giza",Pending,,1202
1203,"25 Corniche Road, Hurghada",Delivered,2024-12-05 09:37:05.449936,1203
1204,"3 Tahrir Street, Hurghada",In Transit,2024-11-22 05:37:05.449942,1204
1205,"22 Corniche Road, Sharm El-Sheikh",In Transit,2024-11-20 00:37:05.449947,1205
1206,"34 Tahrir Street, Giza",Pending,,1206
1207,"5 Corniche Road, Giza",Pending,,1207
1208,"3 Corniche Road, Hurghada",In Transit,2024-12-07 08:37:05.449965,1208
1209,"10 Corniche Road, Hurghada",In Transit,2024-12-31 13:37:05.449971,1209
1210,"16 Tahrir Street, Marsa Alam",In Transit,2024-11-14 06:37:05.449977,1210
1211,"10 Tahrir Street, Alexandria",Pending,,1211
1212,"42 Tahrir Street, Giza",Pending,,1212
1213,"14 Tahrir Street, Hurghada",In Transit,2024-11-18 01:37:05.449994,1213
1214,"12 Tahrir Street, Sharm El-Sheikh",Delivered,2024-12-11 01:37:05.450000,1214
1215,"14 Corniche Road, Hurghada",Delivered,2024-12-12 07:37:05.450006,1215
1216,"29 Tahrir Street, Hurghada",In Transit,2024-11-30 07:37:05.450012,1216
1217,"7 Tahrir Street, Alexandria",Pending,,1217
1218,"14 Tahrir Street, Giza",In Transit,2024-12-17 14:37:05.450023,1218
1219,"42 Tahrir Street, Hurghada",In Transit,2024-11-07 01:37:05.450029,1219
1220,"47 Corniche Road, Marsa Alam",Pending,,1220
1221,"25 Corniche Road, Cairo",In Transit,2024-12-14 23:37:05.450040,1221
1222,"41 Corniche Road, Hurghada",Pending,,1222
1223,"43 Tahrir Street, Hurghada",Pending,,1223
1224,"20 Tahrir Street, Hurghada",In Transit,2024-12-03 15:37:05.450057,1224
1225,"26 Corniche Road, Marsa Alam",Pending,,1225
1226,"3 Corniche Road, Cairo",Pending,,1226
1227,"29 Corniche Road, Marsa Alam",Pending,,1227
1228,"7 Corniche Road, Hurghada",Delivered,2024-11-04 07:37:05.450089,1228
1229,"22 Corniche Road, Alexandria",Pending,,1229
1230,"42 Corniche Road, Cairo",Pending,,1230
1231,"49 Tahrir Street, Hurghada",Pending,,1231
1232,"48 Tahrir Street, Sharm El-Sheikh",Delivered,2024-12-01 02:37:05.450113,1232
1233,"16 Corniche Road, Hurghada",Pending,,1233
1234,"47 Tahrir Street, Marsa Alam",Pending,,1234
1235,"34 Tahrir Street, Cairo",Pending,,1235
1236,"35 Corniche Road, Cairo",In Transit,2024-12-12 15:37:05.450135,1236
1237,"23 Corniche Road, Marsa Alam",Pending,,1237
1238,"12 Tahrir Street, Sharm El-Sheikh",Delivered,2024-11-06 14:37:05.450147,1238
1239,"17 Corniche Road, Giza",Pending,,1239
1240,"5 Corniche Road, Marsa Alam",Pending,,1240
1241,"14 Tahrir Street, Hurghada",Pending,,1241
1242,"11 Tahrir Street, Sharm El-Sheikh",Delivered,2024-12-28 18:37:05.450169,1242
1243,"21 Corniche Road, Marsa Alam",Pending,,1243
1244,"10 Tahrir Street, Hurghada",In Transit,2024-11-24 03:37:05.450181,1244
1245,"33 Corniche Road, Sharm El-Sheikh",Pending,,1245
1246,"21 Corniche Road, Marsa Alam",Delivered,2024-12-28 08:37:05.450195,1246
1247,"36 Tahrir Street, Marsa Alam",Delivered,2024-12-12 01:37:05.450201,1247
1248,"48 Tahrir Street, Marsa Alam",Pending,,1248
1249,"13 Corniche Road, Cairo",Delivered,2024-12-11 10:37:05.450221,1249
1250,"17 Tahrir Street, Marsa Alam",Pending,,1250
1251,"18 Corniche Road, Alexandria",Pending,,1251
1252,"8 Corniche Road, Sharm El-Sheikh",In Transit,2024-11-25 09:37:05.450240,1252
1253,"24 Corniche Road, Cairo",In Transit,2024-12-16 14:37:05.450246,1253
1254,"44 Tahrir Street, Marsa Alam",Delivered,2024-12-04 16:37:05.450251,1254
1255,"7 Tahrir Street, Cairo",Delivered,2024-11-05 16:37:05.450257,1255
1256,"47 Tahrir Street, Sharm El-Sheikh",Delivered,2024-11-29 22:37:05.450262,1256
1257,"4 Corniche Road, Giza",In Transit,2024-11-21 19:37:05.450269,1257
1258,"37 Corniche Road, Marsa Alam",Delivered,2024-11-27 12:37:05.450285,1258
1259,"41 Tahrir Street, Cairo",Pending,,1259
1260,"6 Tahrir Street, Sharm El-Sheikh",Delivered,2024-11-19 07:37:05.450297,1260
1261,"37 Tahrir Street, Cairo",In Transit,2024-12-28 16:37:05.450306,1261
1262,"40 Corniche Road, Marsa Alam",In Transit,2024-12-13 16:37:05.450318,1262
1263,"27 Corniche Road, Alexandria",Pending,,1263
1264,"38 Tahrir Street, Marsa Alam",In Transit,2024-11-10 06:37:05.450330,1264
1265,"1 Corniche Road, Cairo",In Transit,2024-12-17 17:37:05.450335,1265
1266,"49 Tahrir Street, Marsa Alam",In Transit,2024-12-07 21:37:05.450340,1266
1267,"45 Corniche Road, Alexandria",In Transit,2024-11-07 11:37:05.450346,1267
1268,"40 Corniche Road, Cairo",In Transit,2024-11-18 03:37:05.450352,1268
1269,"4 Corniche Road, Cairo",Pending,,1269
1270,"14 Corniche Road, Marsa Alam",Pending,,1270
1271,"13 Corniche Road, Hurghada",Delivered,2024-12-13 09:37:05.450368,1271
1272,"3 Tahrir Street, Cairo",In Transit,2024-12-05 17:37:05.450373,1272
1273,"1 Tahrir Street, Hurghada",Delivered,2024-11-27 10:37:05.450380,1273
1274,"45 Tahrir Street, Cairo",Pending,,1274
1275,"17 Tahrir Street, Giza",Delivered,2024-11-08 17:37:05.450391,1275
1276,"11 Tahrir Street, Hurghada",Pending,,1276
1277,"22 Tahrir Street, Alexandria",Delivered,2024-11-08 02:37:05.450402,1277
1278,"20 Tahrir Street, Giza",In Transit,2024-11-01 21:37:05.450408,1278
1279,"18 Tahrir Street, Alexandria",Delivered,2024-11-18 04:37:05.450414,1279
1280,"6 Corniche Road, Cairo",In Transit,2024-12-11 12:37:05.450420,1280
1281,"19 Tahrir Street, Cairo",Pending,,1281
1282,"23 Tahrir Street, Sharm El-Sheikh",Pending,,1282
1283,"45 Corniche Road, Hurghada",Delivered,2024-11-01 14:37:05.450438,1283
1284,"16 Tahrir Street, Giza",In Transit,2024-11-03 23:37:05.450444,1284
1285,"39 Tahrir Street, Marsa Alam",Delivered,2024-11-07 16:37:05.450450,1285
1286,"42 Tahrir Street, Cairo",In Transit,2024-12-08 20:37:05.450455,1286
1287,"14 Corniche Road, Alexandria",In Transit,2024-12-03 03:37:05.450460,1287
1288,"4 Corniche Road, Hurghada",Pending,,1288
1289,"30 Tahrir Street, Sharm El-Sheikh",Delivered,2024-12-05 02:37:05.450472,1289
1290,"17 Corniche Road, Hurghada",Delivered,2024-12-28 20:37:05.450477,1290
1291,"31 Corniche Road, Marsa Alam",Pending,,1291
1292,"24 Tahrir Street, Marsa Alam",Pending,,1292
1293,"15 Tahrir Street, Hurghada",Pending,,1293
1294,"46 Corniche Road, Cairo",Delivered,2024-11-18 00:37:05.450501,1294
1295,"49 Corniche Road, Marsa Alam",Pending,,1295
1296,"11 Corniche Road, Giza",Pending,,1296
1297,"36 Tahrir Street, Cairo",In Transit,2024-11-18 10:37:05.450517,1297
1298,"15 Corniche Road, Hurghada",Delivered,2024-11-05 05:37:05.450523,1298
1299,"49 Tahrir Street, Hurghada",In Transit,2024-12-21 20:37:05.450528,1299
1300,"26 Tahrir Street, Sharm El-Sheikh",Delivered,2024-12-15 11:37:05.450534,1300
1301,"28 Corniche Road, Cairo",In Transit,2024-11-01 19:37:05.450539,1301
1302,"29 Corniche Road, Hurghada",Pending,,1302
1303,"30 Tahrir Street, Marsa Alam",Delivered,2024-11-10 10:37:05.450550,1303
1304,"8 Tahrir Street, Alexandria",Pending,,1304
1305,"30 Corniche Road, Alexandria",Delivered,2024-11-12 16:37:05.450562,1305
1306,"5 Corniche Road, Marsa Alam",Delivered,2024-11-16 02:37:05.450567,1306
1307,"6 Corniche Road, Cairo",Delivered,2024-12-03 10:37:05.450573,1307
1308,"28 Corniche Road, Marsa Alam",Pending,,1308
1309,"41 Corniche Road, Hurghada",Delivered,2024-12-24 16:37:05.450584,1309
1310,"16 Corniche Road, Hurghada",In Transit,2024-12-14 13:37:05.450590,1310
1311,"44 Tahrir Street, Cairo",In Transit,2024-12-30 07:37:05.450595,1311
1312,"4 Tahrir Street, Alexandria",Delivered,2024-11-24 08:37:05.450602,1312
1313,"25 Corniche Road, Cairo",In Transit,2024-12-24 13:37:05.450608,1313
1314,"14 Tahrir Street, Sharm El-Sheikh",Delivered,2024-11-02 11:37:05.450613,1314
1315,"7 Corniche Road, Hurghada",Delivered,2024-12-24 15:37:05.450619,1315
1316,"23 Tahrir Street, Giza",In Transit,2024-11-17 15:37:05.450624,1316
1317,"27 Tahrir Street, Marsa Alam",Delivered,2024-11-12 03:37:05.450630,1317
1318,"22 Tahrir Street, Alexandria",Pending,,1318
1319,"44 Corniche Road, Cairo",In Transit,2024-12-06 22:37:05.450642,1319
1320,"33 Tahrir Street, Alexandria",Delivered,2024-12-21 05:37:05.450647,1320
1321,"3 Corniche Road, Marsa Alam",Pending,,1321
1322,"29 Tahrir Street, Alexandria",Delivered,2025-01-01 12:37:05.450658,1322
1323,"2 Tahrir Street, Cairo",In Transit,2024-11-08 00:37:05.450664,1323
1324,"22 Tahrir Street, Sharm El-Sheikh",Pending,,1324
1325,"21 Corniche Road, Alexandria",Pending,,1325
1326,"5 Corniche Road, Hurghada",Delivered,2024-12-04 18:37:05.450692,1326
1327,"18 Corniche Road, Alexandria",Pending,,1327
1328,"14 Corniche Road, Cairo",Pending,,1328
1329,"46 Corniche Road, Hurghada",Delivered,2024-12-01 11:37:05.450712,1329
1330,"5 Tahrir Street, Alexandria",Delivered,2024-11-04 05:37:05.450717,1330
1331,"37 Tahrir Street, Sharm El-Sheikh",Delivered,2024-11-23 18:37:05.450722,1331
1332,"42 Corniche Road, Hurghada",Delivered,2024-11-28 22:37:05.450727,1332
1333,"37 Tahrir Street, Marsa Alam",Pending,,1333
1334,"9 Corniche Road, Hurghada",Delivered,2024-11-21 16:37:05.450738,1334
1335,"5 Corniche Road, Alexandria",Delivered,2024-11-18 19:37:05.450744,1335
1336,"18 Tahrir Street, Sharm El-Sheikh",Delivered,2024-11-14 03:37:05.450749,1336
1337,"12 Tahrir Street, Sharm El-Sheikh",In Transit,2024-11-13 13:37:05.450755,1337
1338,"9 Corniche Road, Giza",Pending,,1338
1339,"16 Tahrir Street, Sharm El-Sheikh",In Transit,2024-12-04 02:37:05.450766,1339
1340,"6 Corniche Road, Marsa Alam",Pending,,1340
1341,"25 Tahrir Street, Marsa Alam",Delivered,2024-12-18 14:37:05.450778,1341
1342,"26 Corniche Road, Hurghada",Pending,,1342
1343,"34 Corniche Road, Alexandria",Delivered,2024-12-26 13:37:05.450789,1343
1344,"17 Corniche Road, Hurghada",Pending,,1344
1345,"7 Tahrir Street, Marsa Alam",Pending,,1345
1346,"45 Corniche Road, Sharm El-Sheikh",Pending,,1346
1347,"34 Corniche Road, Cairo",In Transit,2024-12-10 12:37:05.450813,1347
1348,"39 Tahrir Street, Cairo",In Transit,2024-12-01 02:37:05.450820,1348
1349,"17 Corniche Road, Marsa Alam",In Transit,2024-11-15 14:37:05.450828,1349
1350,"22 Tahrir Street, Hurghada",Pending,,1350
1351,"14 Corniche Road, Cairo",In Transit,2024-12-06 10:37:05.450847,1351
1352,"11 Tahrir Street, Hurghada",Delivered,2024-12-07 08:37:05.450857,1352
1353,"39 Tahrir Street, Alexandria",Pending,,1353
1354,"15 Corniche Road, Alexandria",In Transit,2024-12-21 15:37:05.450869,1354
1355,"25 Corniche Road, Alexandria",Pending,,1355
1356,"35 Corniche Road, Hurghada",Pending,,1356
1357,"20 Corniche Road, Alexandria",Pending,,1357
1358,"1 Corniche Road, Marsa Alam",Pending,,1358
1359,"9 Corniche Road, Alexandria",Delivered,2024-12-19 14:37:05.450898,1359
1360,"46 Tahrir Street, Alexandria",Delivered,2024-12-01 10:37:05.450904,1360
1361,"18 Tahrir Street, Sharm El-Sheikh",Delivered,2024-12-29 04:37:05.450910,1361
1362,"2 Tahrir Street, Giza",Pending,,1362
1363,"34 Corniche Road, Alexandria",In Transit,2024-11-16 10:37:05.450921,1363
1364,"15 Corniche Road, Cairo",Pending,,1364
1365,"43 Corniche Road, Alexandria",Pending,,1365
1366,"9 Corniche Road, Cairo",Delivered,2024-12-22 11:37:05.450938,1366
1367,"41 Tahrir Street, Marsa Alam",In Transit,2024-11-26 12:37:05.450943,1367
1368,"12 Tahrir Street, Hurghada",In Transit,2024-11-22 09:37:05.450949,1368
1369,"31 Corniche Road, Cairo",Pending,,1369
1370,"38 Corniche Road, Marsa Alam",In Transit,2024-12-10 13:37:05.450960,1370
1371,"34 Corniche Road, Marsa Alam",Pending,,1371
1372,"45 Corniche Road, Giza",Delivered,2024-11-02 06:37:05.450971,1372
1373,"32 Corniche Road, Giza",Delivered,2024-11-22 14:37:05.450976,1373
1374,"14 Tahrir Street, Giza",In Transit,2024-11-18 01:37:05.450982,1374
1375,"19 Corniche Road, Alexandria",Delivered,2024-11-11 18:37:05.450987,1375
1376,"16 Tahrir Street, Sharm El-Sheikh",Delivered,2024-12-04 20:37:05.450993,1376
1377,"50 Tahrir Street, Marsa Alam",Delivered,2024-12-29 08:37:05.450999,1377
1378,"14 Tahrir Street, Hurghada",In Transit,2024-11-23 20:37:05.451005,1378
1379,"22 Corniche Road, Hurghada",Pending,,1379
1380,"39 Corniche Road, Sharm El-Sheikh",Delivered,2024-12-29 18:37:05.451016,1380
1381,"43 Tahrir Street, Sharm El-Sheikh",Pending,,1381
1382,"14 Tahrir Street, Marsa Alam",Delivered,2024-11-02 14:37:05.451028,1382
1383,"22 Corniche Road, Marsa Alam",Delivered,2024-12-16 14:37:05.451033,1383
1384,"26 Tahrir Street, Alexandria",Delivered,2024-12-30 12:37:05.451039,1384
1385,"50 Corniche Road, Sharm El-Sheikh",Delivered,2024-12-05 02:37:05.451045,1385
1386,"22 Tahrir Street, Alexandria",In Transit,2024-12-27 11:37:05.451051,1386
1387,"27 Tahrir Street, Alexandria",Delivered,2024-11-07 20:37:05.451056,1387
1388,"10 Tahrir Street, Sharm El-Sheikh",Pending,,1388
1389,"29 Corniche Road, Alexandria",In Transit,2024-12-07 07:37:05.451068,1389
1390,"35 Tahrir Street, Giza",In Transit,2024-12-10 18:37:05.451074,1390
1391,"11 Corniche Road, Cairo",Pending,,1391
1392,"14 Corniche Road, Cairo",Delivered,2024-12-29 06:37:05.451085,1392
1393,"50 Tahrir Street, Giza",Delivered,2024-11-30 00:37:05.451091,1393
1394,"3 Tahrir Street, Cairo",In Transit,2024-12-28 01:37:05.451097,1394
1395,"35 Tahrir Street, Alexandria",Pending,,1395
1396,"32 Corniche Road, Marsa Alam",Pending,,1396
1397,"15 Tahrir Street, Giza",Delivered,2024-11-23 11:37:05.451114,1397
1398,"10 Corniche Road, Giza",Delivered,2024-12-10 12:37:05.451119,1398
1399,"47 Tahrir Street, Marsa Alam",In Transit,2024-12-24 21:37:05.451125,1399
1400,"2 Corniche Road, Giza",In Transit,2024-11-08 23:37:05.451130,1400
1401,"16 Tahrir Street, Cairo",In Transit,2024-11-09 19:37:05.451137,1401
1402,"16 Corniche Road, Hurghada",In Transit,2024-11-16 06:37:05.451142,1402
1403,"25 Tahrir Street, Giza",Pending,,1403
1404,"5 Tahrir Street, Hurghada",In Transit,2024-11-05 10:37:05.451153,1404
1405,"31 Corniche Road, Sharm El-Sheikh",Delivered,2024-12-28 22:37:05.451159,1405
1406,"10 Tahrir Street, Alexandria",Pending,,1406
1407,"37 Tahrir Street, Cairo",In Transit,2024-11-12 13:37:05.451173,1407
1408,"22 Corniche Road, Sharm El-Sheikh",Pending,,1408
1409,"33 Corniche Road, Hurghada",Pending,,1409
1410,"8 Corniche Road, Cairo",Delivered,2024-11-01 22:37:05.451190,1410
1411,"36 Tahrir Street, Cairo",In Transit,2024-11-11 22:37:05.451196,1411
1412,"6 Corniche Road, Giza",Pending,,1412
1413,"1 Corniche Road, Giza",In Transit,2024-12-20 06:37:05.451207,1413
1414,"34 Corniche Road, Giza",Delivered,2024-11-20 15:37:05.451212,1414
1415,"9 Tahrir Street, Sharm El-Sheikh",Pending,,1415
1416,"20 Corniche Road, Giza",In Transit,2024-12-25 15:37:05.451223,1416
1417,"33 Tahrir Street, Alexandria",Pending,,1417
1418,"14 Corniche Road, Sharm El-Sheikh",In Transit,2024-12-04 05:37:05.451234,1418
1419,"34 Tahrir Street, Alexandria",Pending,,1419
1420,"38 Tahrir Street, Giza",Pending,,1420
1421,"12 Corniche Road, Marsa Alam",Pending,,1421
1422,"9 Tahrir Street, Cairo",Delivered,2024-12-24 17:37:05.451256,1422
1423,"8 Tahrir Street, Sharm El-Sheikh",Pending,,1423
1424,"45 Tahrir Street, Hurghada",Pending,,1424
1425,"48 Tahrir Street, Alexandria",Pending,,1425
1426,"7 Corniche Road, Alexandria",In Transit,2024-12-14 11:37:05.451286,1426
1427,"10 Tahrir Street, Hurghada",Delivered,2024-11-14 08:37:05.451296,1427
1428,"18 Corniche Road, Hurghada",Pending,,1428
1429,"34 Corniche Road, Hurghada",Pending,,1429
1430,"38 Corniche Road, Cairo",Pending,,1430
1431,"42 Corniche Road, Marsa Alam",Pending,,1431
1432,"19 Corniche Road, Alexandria",In Transit,2024-11-18 15:37:05.451328,1432
1433,"10 Tahrir Street, Alexandria",In Transit,2024-11-28 17:37:05.451334,1433
1434,"50 Corniche Road, Alexandria",Delivered,2024-11-30 13:37:05.451339,1434
1435,"47 Tahrir Street, Hurghada",Pending,,1435
1436,"11 Tahrir Street, Cairo",Delivered,2024-12-31 02:37:05.451350,1436
1437,"49 Tahrir Street, Cairo",In Transit,2024-12-02 15:37:05.451355,1437
1438,"12 Corniche Road, Hurghada",Delivered,2024-11-26 11:37:05.451362,1438
1439,"4 Corniche Road, Sharm El-Sheikh",Delivered,2024-11-03 17:37:05.451367,1439
1440,"12 Corniche Road, Alexandria",Pending,,1440
1441,"19 Corniche Road, Cairo",In Transit,2024-12-23 21:37:05.451384,1441
1442,"26 Corniche Road, Marsa Alam",Delivered,2024-12-15 08:37:05.451394,1442
1443,"34 Tahrir Street, Giza",Pending,,1443
1444,"26 Corniche Road, Giza",Pending,,1444
1445,"27 Tahrir Street, Hurghada",Pending,,1445
1446,"38 Tahrir Street, Marsa Alam",Delivered,2024-12-11 04:37:05.451417,1446
1447,"38 Tahrir Street, Alexandria",Pending,,1447
1448,"21 Tahrir Street, Sharm El-Sheikh",Pending,,1448
1449,"32 Corniche Road, Marsa Alam",Delivered,2024-12-25 15:37:05.451433,1449
1450,"7 Corniche Road, Giza",In Transit,2024-11-11 20:37:05.451439,1450
1451,"38 Corniche Road, Cairo",Delivered,2024-12-14 23:37:05.451444,1451
1452,"37 Corniche Road, Marsa Alam",Delivered,2024-11-27 14:37:05.451450,1452
1453,"10 Tahrir Street, Cairo",Pending,,1453
1454,"10 Corniche Road, Giza",In Transit,2024-11-23 20:37:05.451460,1454
1455,"40 Corniche Road, Giza",In Transit,2024-12-14 10:37:05.451465,1455
1456,"13 Tahrir Street, Giza",Pending,,1456
1457,"4 Tahrir Street, Marsa Alam",Pending,,1457
1458,"35 Tahrir Street, Giza",Pending,,1458
1459,"7 Corniche Road, Marsa Alam",In Transit,2024-12-24 06:37:05.451488,1459
1460,"1 Tahrir Street, Alexandria",Delivered,2024-11-12 09:37:05.451494,1460
1461,"24 Tahrir Street, Alexandria",Delivered,2024-11-02 01:37:05.451500,1461
1462,"39 Tahrir Street, Alexandria",Pending,,1462
1463,"21 Corniche Road, Giza",Pending,,1463
1464,"2 Corniche Road, Alexandria",Pending,,1464
1465,"35 Corniche Road, Hurghada",Pending,,1465
1466,"11 Corniche Road, Sharm El-Sheikh",Pending,,1466
1467,"15 Tahrir Street, Cairo",Pending,,1467
1468,"18 Corniche Road, Alexandria",Delivered,2024-12-05 07:37:05.451539,1468
1469,"11 Corniche Road, Marsa Alam",Delivered,2024-11-30 18:37:05.451545,1469
1470,"24 Corniche Road, Marsa Alam",Pending,,1470
1471,"32 Corniche Road, Cairo",Pending,,1471
1472,"27 Tahrir Street, Sharm El-Sheikh",In Transit,2024-12-17 22:37:05.451562,1472
1473,"7 Corniche Road, Alexandria",Pending,,1473
1474,"34 Corniche Road, Alexandria",Pending,,1474
1475,"42 Corniche Road, Marsa Alam",In Transit,2024-12-31 13:37:05.451579,1475
1476,"41 Tahrir Street, Marsa Alam",Delivered,2024-11-19 02:37:05.451584,1476
1477,"32 Corniche Road, Alexandria",Delivered,2024-12-12 14:37:05.451590,1477
1478,"49 Tahrir Street, Marsa Alam",Pending,,1478
1479,"47 Corniche Road, Alexandria",In Transit,2024-11-11 13:37:05.451602,1479
1480,"10 Corniche Road, Marsa Alam",Pending,,1480
1481,"35 Corniche Road, Sharm El-Sheikh",Pending,,1481
1482,"45 Corniche Road, Giza",Pending,,1482
1483,"31 Tahrir Street, Alexandria",Delivered,2024-11-04 09:37:05.451625,1483
1484,"12 Tahrir Street, Hurghada",Pending,,1484
1485,"8 Corniche Road, Sharm El-Sheikh",In Transit,2024-11-24 03:37:05.451685,1485
1486,"25 Corniche Road, Giza",Pending,,1486
1487,"2 Corniche Road, Alexandria",Pending,,1487
1488,"18 Tahrir Street, Alexandria",Pending,,1488
1489,"8 Tahrir Street, Alexandria",In Transit,2024-11-26 08:37:05.451709,1489
1490,"47 Corniche Road, Sharm El-Sheikh",In Transit,2024-12-11 21:37:05.451714,1490
1491,"50 Tahrir Street, Cairo",Pending,,1491
1492,"18 Corniche Road, Marsa Alam",Delivered,2024-11-25 23:37:05.451726,1492
1493,"34 Corniche Road, Hurghada",In Transit,2024-11-18 06:37:05.451731,1493
1494,"22 Tahrir Street, Alexandria",Pending,,1494
1495,"16 Tahrir Street, Giza",Delivered,2024-12-27 00:37:05.451743,1495
1496,"6 Tahrir Street, Cairo",Pending,,1496
1497,"17 Corniche Road, Marsa Alam",Delivered,2024-11-06 14:37:05.451763,1497
1498,"7 Tahrir Street, Marsa Alam",Pending,,1498
1499,"13 Corniche Road, Hurghada",Pending,,1499
1500,"5 Corniche Road, Sharm El-Sheikh",Delivered,2024-11-03 02:37:05.451786,1500
